# z_mm,thickness_nm (digitized vector path, Chen 2023 Fig1d)
4.167357781944162421e-04,6.048187744671536166e+02
4.073247714572771766e-02,6.041954040045045531e+02
8.059523836118547002e-02,6.043064291503324057e+02
1.204579995766498074e-01,6.046522367790416865e+02
1.607737385487438830e-01,6.052465777757236083e+02
2.006364997642016146e-01,6.055643744220534472e+02
2.404992609796659520e-01,6.054457099255606636e+02
2.808149999517534079e-01,6.055124268734615498e+02
3.206777611672177453e-01,6.062045514329008711e+02
3.605405223826821381e-01,6.049389668105150122e+02
4.004032835981398697e-01,6.049511897895437187e+02
4.407190225702338759e-01,6.056901689671904023e+02
4.805817837856982688e-01,6.062121907835658021e+02
5.204445450011560004e-01,6.067189339884354240e+02
5.607602839732500621e-01,6.055954411267340447e+02
6.006230451887079047e-01,6.059432858737027345e+02
6.404858064041721866e-01,6.057685995920991218e+02
6.803485676196364684e-01,6.065411918947066852e+02
7.206643065917239799e-01,6.061021842417796961e+02
7.605270678071882617e-01,6.068523678842373101e+02
8.003898290226459933e-01,6.066012880959843869e+02
8.407055679947401661e-01,6.051075416475163138e+02
8.805683292102044479e-01,6.060288465472555117e+02
9.204310904256621795e-01,6.059264793561343367e+02
9.607468293977562412e-01,6.063456246793676883e+02
1.000609590613213973e+00,6.062264509706780018e+02
1.040472351828678255e+00,6.053076924912190862e+02
1.080788090800772316e+00,6.054441821093220142e+02
1.120650852016230159e+00,6.058954126514537393e+02
1.160513613231694441e+00,6.066333733148826468e+02
1.200829352203788503e+00,6.064821142974706163e+02
1.240692113419246345e+00,6.051523591474641535e+02
1.280554874634710849e+00,6.055709951686766317e+02
1.320417635850168470e+00,6.055811810294459292e+02
1.360733374822262531e+00,6.049741077517144276e+02
1.400596136037726813e+00,6.065177645406910187e+02
1.440458897253184434e+00,6.051197646265450203e+02
1.480774636225278496e+00,6.062009864085788422e+02
1.520637397440736338e+00,6.061154258248500355e+02
1.560500158656200842e+00,6.068253755058996148e+02
1.600362919871664902e+00,6.068319962525227993e+02
1.640678658843752524e+00,6.073754083046544565e+02
1.680541420059216806e+00,6.074477273951368943e+02
1.720404181274681310e+00,6.072511415757561508e+02
1.760719920246768488e+00,6.074064749195110835e+02
1.800582681462232992e+00,6.075556968186635913e+02
1.840445442677690835e+00,6.072266957075228220e+02
1.880761181649784897e+00,6.081434169788983581e+02
1.920623942865249401e+00,6.088090584620208574e+02
1.960486704080707021e+00,6.078342781974511126e+02
2.000802443052800861e+00,6.074456902768774853e+02
2.040665204268258481e+00,6.074889798707627051e+02
2.080527965483723207e+00,6.068824158950521905e+02
2.120390726699187489e+00,6.067744465613494640e+02
2.160706465671275112e+00,6.065157274224316097e+02
2.200569226886739393e+00,6.072134542142764531e+02
2.240431988102203675e+00,6.071390979157105221e+02
2.280747727074291298e+00,6.079213666872425392e+02
2.320610488289755136e+00,6.080410497877770695e+02
2.360473249505213200e+00,6.076035700409127003e+02
2.400788988477307040e+00,6.075164814612973032e+02
2.440651749692771766e+00,6.077446431975554333e+02
2.480514510908229386e+00,6.068365798808865748e+02
2.520377272123693668e+00,6.072547066000781797e+02
2.560693011095781291e+00,6.069990432732855652e+02
2.600555772311245128e+00,6.073932334262647146e+02
2.640418533526709854e+00,6.074945820133441430e+02
2.680734272498797477e+00,6.071691460163493730e+02
2.720597033714261315e+00,6.061831612869686978e+02
2.760459794929725597e+00,6.069353820476858346e+02
2.800775533901813663e+00,6.077013536036700998e+02
2.840638295117277945e+00,6.080665142600521449e+02
2.880501056332735565e+00,6.074976377356454122e+02
2.920816795304829405e+00,6.075312508606062920e+02
2.960679556520293687e+00,6.080858672877249091e+02
3.000542317735751308e+00,6.090132836320665319e+02
3.040405078951216034e+00,6.078923371906453212e+02
3.080720817923303656e+00,6.080823022634028803e+02
3.120583579138767938e+00,6.082834716213233150e+02
3.160446340354232220e+00,6.077711262738722553e+02
3.200762079326319398e+00,6.076621383361277822e+02
3.240624840541784124e+00,6.071665995062451202e+02
3.280487601757242189e+00,6.072811896763950017e+02
3.320803340729335584e+00,6.077701076698305087e+02
3.360666101944799866e+00,6.073998541728878990e+02
3.400528863160257931e+00,6.074711547491525607e+02
3.440391624375722213e+00,6.081311939998696516e+02
3.480707363347816496e+00,6.076244508848240002e+02
3.520570124563274117e+00,6.086033054757366472e+02
3.560432885778738399e+00,6.075811612909387804e+02
3.600748624750826021e+00,6.068788508707301617e+02
3.640611385966289859e+00,6.069078804571512364e+02
3.680474147181754585e+00,6.075399088153128559e+02
3.720789886153842208e+00,6.078246017285267726e+02
3.760652647369306489e+00,6.074966192214276361e+02
3.800515408584770327e+00,6.071956290028422245e+02
3.840378169800228392e+00,6.075287044403258960e+02
3.880693908772322676e+00,6.081276289755476228e+02
3.920556669987779852e+00,6.082131896491003999e+02
3.960419431203244578e+00,6.077314017043089507e+02
4.000735170175338418e+00,6.073835568675162904e+02
4.040597931390796482e+00,6.074645339127052921e+02
4.080460692606260764e+00,6.070657602211864514e+02
4.120776431578348387e+00,6.072878104230182998e+02
4.160639192793812668e+00,6.079223852912841721e+02
4.200501954009276950e+00,6.073754083046544565e+02
4.240817692981363685e+00,6.077813120448174686e+02
4.280680454196828855e+00,6.076458410307561735e+02
4.320543215412286919e+00,6.071065033947913889e+02
4.360405976627751201e+00,6.065335525440417541e+02
4.400721715599844153e+00,6.065753143216884382e+02
4.440584476815302217e+00,6.064810956934289834e+02
4.480447238030767387e+00,6.075556968186635913e+02
4.520762977002854122e+00,6.072934126554237082e+02
4.560625738218318403e+00,6.065355897521251336e+02
4.600488499433782685e+00,6.069399656760494963e+02
4.640351260649247855e+00,6.068156990369752748e+02
4.680666999621335478e+00,6.073158214053976280e+02
4.720529760836798872e+00,6.072154913325358621e+02
4.760392522052256936e+00,6.066323547108409002e+02
4.800708261024350776e+00,6.066776815128096132e+02
4.840571022239815946e+00,6.067688443289439419e+02
4.880433783455273122e+00,6.052531985223467927e+02
4.920749522427366962e+00,6.059402301514015790e+02
4.960612283642825027e+00,6.058465209149869679e+02
5.000475044858289309e+00,6.062310345092176931e+02
5.040790783830383148e+00,6.062045514329008711e+02
5.080653545045841213e+00,6.063578476583963948e+02
5.120516306261305495e+00,6.067046738911473085e+02
5.160379067476762671e+00,6.076045885551303627e+02
5.200694806448857399e+00,6.077135765826988063e+02
5.240557567664321681e+00,6.076356552598109602e+02
5.280420328879778857e+00,6.074411066485137098e+02
5.320736067851873585e+00,6.074487459991786409e+02
5.360598829067330762e+00,6.071691460163493730e+02
5.400461590282795932e+00,6.078867350480638834e+02
5.440777329254888883e+00,6.087403043958604485e+02
5.480640090470347836e+00,6.087566017012320572e+02
5.520502851685812118e+00,6.087280814168318557e+02
5.560365612901269294e+00,6.072200749608996375e+02
5.600681351873363134e+00,6.079391918986766541e+02
5.640544113088827416e+00,6.073234607560625591e+02
5.680406874304285481e+00,6.067576399539569820e+02
5.720722613276379320e+00,6.073591109992829615e+02
5.760585374491844490e+00,6.073723524925293304e+02
5.800448135707301667e+00,6.065177645406910187e+02
5.840763874679396395e+00,6.068976945963820526e+02
5.880626635894859788e+00,6.067357405060039355e+02
5.920489397110317853e+00,6.070199241171968652e+02
5.960805136082411693e+00,6.069068618531094899e+02
6.000667897297868869e+00,6.067754650755671264e+02
6.040530658513333151e+00,6.062666848422620660e+02
6.080393419728798321e+00,6.071054847907496423e+02
6.120709158700885943e+00,6.075256487180247404e+02
6.160571919916350225e+00,6.076112093915776313e+02
6.200434681131807402e+00,6.073423044817144500e+02
6.240750420103902130e+00,6.076000050165905577e+02
6.280613181319366412e+00,6.075989864125489248e+02
6.320475942534824476e+00,6.074212443188200723e+02
6.360338703750288758e+00,6.077578847806257727e+02
6.400654442722376380e+00,6.080033623364732875e+02
6.440517203937839774e+00,6.082743044544198483e+02
6.480379965153304056e+00,6.072297514298239776e+02
6.520695704125391678e+00,6.070020989955867208e+02
6.560558465340855960e+00,6.073046170304106681e+02
6.600421226556320242e+00,6.076356552598109602e+02
6.640736965528407865e+00,6.078246017285267726e+02
6.680599726743873035e+00,6.064169252556323499e+02
6.720462487959337317e+00,6.061612618390156513e+02
6.760778226931424051e+00,6.063654870090613258e+02
6.800640988146888333e+00,6.058164728143481170e+02
6.840503749362346397e+00,6.068610257491199036e+02
6.880819488334440237e+00,6.071024290684484868e+02
6.920682249549897413e+00,6.076789448536961800e+02
6.960545010765362584e+00,6.075012027599674411e+02
7.000407692132812443e+00,6.079121995203389588e+02
7.040723510952914488e+00,6.078454825724380726e+02
7.080586272168378770e+00,6.072913754473403287e+02
7.120448953535829517e+00,6.082310147707105443e+02
7.160764772355930674e+00,6.087291000208734886e+02
7.200627533571394956e+00,6.079142366385984815e+02
7.240490214938844815e+00,6.087942890627118686e+02
7.280352976154309097e+00,6.086445579513624580e+02
7.320668794974411142e+00,6.087912333404107130e+02
7.360531476341861001e+00,6.079712771175749140e+02
7.400394237557326171e+00,6.074064749195110835e+02
7.440710056377420223e+00,6.078913186764276588e+02
7.480572737744877188e+00,6.076998257874315641e+02
7.520435498960335252e+00,6.068600072349022412e+02
7.560751317780437297e+00,6.071014104644067402e+02
7.600613999147893374e+00,6.077634869232073243e+02
7.640476760363350550e+00,6.068233382978161217e+02
7.680792579183452595e+00,6.072969776797457371e+02
7.720655340398916877e+00,6.075913470618839938e+02
7.760518021766367625e+00,6.081031831073141802e+02
7.800833840586468781e+00,6.073290628986441106e+02
7.840696601801925958e+00,6.073178585236571507e+02
7.880559283169383811e+00,6.065065601657040588e+02
7.920422044384840987e+00,6.069379284679661168e+02
7.960737863204950138e+00,6.066955066344198713e+02
8.000600544572399997e+00,6.064790585751694607e+02
8.040463305787856285e+00,6.062498782348695840e+02
8.080779124607959218e+00,6.081566585619686975e+02
8.120641805975415295e+00,6.077156137009583290e+02
8.160504567190873360e+00,6.081388333505345827e+02
8.200367328406338530e+00,6.083145383260039125e+02
8.240683067378432369e+00,6.086236771074511580e+02
8.280545828593890434e+00,6.083079174895567576e+02
8.320408589809353828e+00,6.073198957317405302e+02
8.360724328781440562e+00,6.071732202528683047e+02
8.400587089996905732e+00,6.068391263011668570e+02
8.440449851212369126e+00,6.065055416514862827e+02
8.480765590184457636e+00,6.065676749710235072e+02
8.520628351399921030e+00,6.073331372249870128e+02
8.560491112615379095e+00,6.076733427111147421e+02
8.600806851587474711e+00,6.067912530789178618e+02
8.640669612802938104e+00,6.076254694888657468e+02
8.680532374018396169e+00,6.077033908117535930e+02
8.720848112990490009e+00,6.073820290512777547e+02
8.760710874205948073e+00,6.082758322706583840e+02
8.800573635421413243e+00,6.087178956458865287e+02
8.840436396636876637e+00,6.082111525308409909e+02
8.880752135608963371e+00,6.084000989097327192e+02
8.920614896824428541e+00,6.097247612191786175e+02
8.960477658039884830e+00,6.092633448162777086e+02
9.000793397011980446e+00,6.089088792328617501e+02
9.040656158227443839e+00,6.079412290169360631e+02
9.080518919442909009e+00,6.077578847806257727e+02
9.120381680658367074e+00,6.084423699894002766e+02
9.160697419630453808e+00,6.090713426252607405e+02
9.200560180845918978e+00,6.095791043443481385e+02
9.240422942061382372e+00,6.078531219231030036e+02
9.280738681033476212e+00,6.073764268188722326e+02
9.320601442248934276e+00,6.065279504014602026e+02
9.360464203464392341e+00,6.065223481690547942e+02
9.400779942436486181e+00,6.072389186865515285e+02
9.440642703651951351e+00,6.076733427111147421e+02
9.480505464867414744e+00,6.073998541728878990e+02
9.520821203839503255e+00,6.072679481831486328e+02
9.560683965054966649e+00,6.066455962939113533e+02
9.600546726270424713e+00,6.068701930058474545e+02
9.640409487485889883e+00,6.066776815128096132e+02
9.680725226457981947e+00,6.061520946721120708e+02
9.720587987673441788e+00,6.066644400195632443e+02
9.760450748888905181e+00,6.079600727425879541e+02
9.800766487860991916e+00,6.079743328398761832e+02
9.840629249076457086e+00,6.083389841942372414e+02
9.880492010291920479e+00,6.083079174895567576e+02
9.920354771507378544e+00,6.076789448536961800e+02
9.960670510479472384e+00,6.083257427009908724e+02
1.000053327169493045e+01,6.090300901496349297e+02
1.004039603291039562e+01,6.078699284406714014e+02
1.008071177188248768e+01,6.073535088567014100e+02
1.012057453309795285e+01,6.077731634819556348e+02
1.016043729431341092e+01,6.082921295760299927e+02
1.020075303328549765e+01,6.080609121174707070e+02
1.024061579450096282e+01,6.076458410307561735e+02
1.028047855571642621e+01,6.073076727527118237e+02
1.032079429468852183e+01,6.063889142732529081e+02
1.036065705590397990e+01,6.073779547249348525e+02
1.040051981711943618e+01,6.063435875611081656e+02
1.044083555609153180e+01,6.067820859120143950e+02
1.048069831730699519e+01,6.068202825755149661e+02
1.052056107852246036e+01,6.065875372108930605e+02
1.056042383973791665e+01,6.071711831346088957e+02
1.060073957871001227e+01,6.076977885793480709e+02
1.064060233992546856e+01,6.076509339611408222e+02
1.068046510114093373e+01,6.069745973152281522e+02
1.072078084011302757e+01,6.078857164440221368e+02
1.076064360132848563e+01,6.073713339783115543e+02
1.080050636254394902e+01,6.085946476108539400e+02
1.084036912375940886e+01,6.081699000552151801e+02
1.088068486273150093e+01,6.079743328398761832e+02
1.092054762394696432e+01,6.073764268188722326e+02
1.096041038516242416e+01,6.078123787494980661e+02
1.100072612413451623e+01,6.077079743502933979e+02
1.104058888534997607e+01,6.064800771792112073e+02
1.108045164656543946e+01,6.062009864085788422e+02
1.112076738553753508e+01,6.060919984708343691e+02
1.116063014675299137e+01,6.061811241687092888e+02
1.120049290796845654e+01,6.061378345748239553e+02
1.124080864694054327e+01,6.060833405161278051e+02
1.128067140815600666e+01,6.057044290644785178e+02
1.132053416937147183e+01,6.058811525541656238e+02
1.136039693058693523e+01,6.054268662897327431e+02
1.140071266955902374e+01,6.045289886541851274e+02
1.144057543077448003e+01,6.053830673040025658e+02
1.148043819198994697e+01,6.058256399812515838e+02
1.152075393096203904e+01,6.043609231192046991e+02
1.156061669217750598e+01,6.057966104846544795e+02
1.160047945339296227e+01,6.059819919290482630e+02
1.164079519236505433e+01,6.061709383977639618e+02
1.168065795358051417e+01,6.063043722037418775e+02
1.172052071479597934e+01,6.060853777242111846e+02
1.176038347601144274e+01,6.058174914183898636e+02
1.180069921498352947e+01,6.058999962798175147e+02
1.184056197619899464e+01,6.062320531132594397e+02
1.188042473741445093e+01,6.048019678903910972e+02
1.192074047638654655e+01,6.048279416646870459e+02
1.196060323760200994e+01,6.045508881021381740e+02
1.200046599881746801e+01,6.046909427445632446e+02
1.204078173778956184e+01,6.048600268835854195e+02
1.208064449900502169e+01,6.048208116250253852e+02
1.212050726022048508e+01,6.040390520567079875e+02
1.216082299919257714e+01,6.036779657266688446e+02
1.220068576040803698e+01,6.041098433309517759e+02
1.224054852162350038e+01,6.051207832305866532e+02
1.228041128283895844e+01,6.049608662584680587e+02
1.232072702181105228e+01,6.047978935640481950e+02
1.236058978302651745e+01,6.045519067061799205e+02
1.240045254424198085e+01,6.040777581120534023e+02
1.244076828321406936e+01,6.031778433582463776e+02
1.248063104442952564e+01,6.040309034938461537e+02
1.252049380564499081e+01,6.049364203902347299e+02
1.256080954461708465e+01,6.048197930479309434e+02
1.260067230583254805e+01,6.056321099739960800e+02
1.264053506704800611e+01,6.041745231605932531e+02
1.268039782826346951e+01,6.044342608137287698e+02
1.272071356723555979e+01,6.036723635840874067e+02
1.276057632845102141e+01,6.047856706748435727e+02
1.280043908966648836e+01,6.049501711855019721e+02
1.284075482863857509e+01,6.050586499110495424e+02
1.288061758985404026e+01,6.048778520950195343e+02
1.292048035106949655e+01,6.040976203519230694e+02
1.296079609004159039e+01,6.041954040045045531e+02
1.300065885125705556e+01,6.038898302473794502e+02
1.304052161247251362e+01,6.039000160183246635e+02
1.308038437368797702e+01,6.033275744695957883e+02
1.312070011266006375e+01,6.024144182225423947e+02
1.316056287387552892e+01,6.031854827089113087e+02
1.320042563509099232e+01,6.032308095108800217e+02
1.324074137406308793e+01,6.035221231707171228e+02
1.328060413527854422e+01,6.030596881637744673e+02
1.332046689649400406e+01,6.037645450042633684e+02
1.336078263546609612e+01,6.027851811113298481e+02
1.340064539668156307e+01,6.026211898128683515e+02
1.344050815789702646e+01,6.026089669236636155e+02
1.348082389686911142e+01,6.030087592192242028e+02
1.352068665808457126e+01,6.028121733998435730e+02
1.356054941930003466e+01,6.026176247885463226e+02
1.360041218051549983e+01,6.028111548856257969e+02
1.364072791948759367e+01,6.025911417122295006e+02
1.368059068070305173e+01,6.021842193680247419e+02
1.372045344191851513e+01,6.021399111700977755e+02
1.376076918089060364e+01,6.018822106352216679e+02
1.380063194210606703e+01,6.032929428304172461e+02
1.384049470332153220e+01,6.019932357810495205e+02
1.388035746453698849e+01,6.026711002432007263e+02
1.392067320350908233e+01,6.029053734240612812e+02
1.396053596472454217e+01,6.038256597197588462e+02
1.400039872594000556e+01,6.032853034797523151e+02
1.404071446491210118e+01,6.028208313545502506e+02
1.408057722612755747e+01,6.019433253507170321e+02
1.412043998734302264e+01,6.019698084270338541e+02
1.416075572631510937e+01,6.024541428819295561e+02
1.420061848753057454e+01,6.034885100457562430e+02
1.424048124874603793e+01,6.034329974728422030e+02
1.428079698771813177e+01,6.037833887299152593e+02
1.432065974893358984e+01,6.037777864975097373e+02
1.436052251014904790e+01,6.040242826573989987e+02
1.440083824912114174e+01,6.043079569665710551e+02
1.444070101033660514e+01,6.035878215145762624e+02
1.448056377155207031e+01,6.046232072824445822e+02
1.452042653276752660e+01,6.040130782824120388e+02
1.456074227173962399e+01,6.043110127786961812e+02
1.460060503295508028e+01,6.041943854004628065e+02
1.464046779417054545e+01,6.039163133236962722e+02
1.468078353314263218e+01,6.043833318691786189e+02
1.472064629435809735e+01,6.037131067576923442e+02
1.476050905557356074e+01,6.041745231605932531e+02
1.480037181678901881e+01,6.035918958409191646e+02
1.484068755576111265e+01,6.032542367750717176e+02
1.488055031697657604e+01,6.022219068193285239e+02
1.492041307819203411e+01,6.030907548684550648e+02
1.496072881716412084e+01,6.016010827463298938e+02
1.500059157837958601e+01,6.016810411874771489e+02
1.504045433959504940e+01,6.012242084129400155e+02
1.508077007856714502e+01,6.012063832913298711e+02
1.512063283978260131e+01,6.014554259613233853e+02
1.516049560099806115e+01,6.021618106180508221e+02
1.520081133997015499e+01,6.017589625103651088e+02
1.524067410118561661e+01,6.019540204236832324e+02
1.528053686240108355e+01,6.020930565518905269e+02
1.532039962361654695e+01,6.023589056496284684e+02
1.536071536258863546e+01,6.021587548957496665e+02
1.540057812380409175e+01,6.017808619583181553e+02
1.544044088501955692e+01,6.019321209757300721e+02
1.548075662399165076e+01,6.024296969238722568e+02
1.552061938520711593e+01,6.029007897956975057e+02
1.556048214642257221e+01,6.027087876046805377e+02
1.560034490763803028e+01,6.027678652019166066e+02
1.564066064661012412e+01,6.023930280766102214e+02
1.568052340782558929e+01,6.019142958541199278e+02
1.572038616904105268e+01,6.015318193781486116e+02
1.576070190801313942e+01,6.021643570383312181e+02
1.580056466922859926e+01,6.013678280796871150e+02
1.584042743044406265e+01,6.017299330137678908e+02
1.588074316941615827e+01,6.007576991694785420e+02
1.592060593063162166e+01,6.011498522041981687e+02
1.596046869184707973e+01,6.016321494510103776e+02
1.600078443081916646e+01,6.009588686172229473e+02
1.604064719203463341e+01,6.016362237773532797e+02
1.608050995325009325e+01,6.015964991179661183e+02
1.612082569222218709e+01,5.994773451477835806e+02
1.616068845343765403e+01,6.009654893638461317e+02
1.620055121465310677e+01,6.005040729609452228e+02
1.624041397586857016e+01,6.019122587358605188e+02
1.628072971484066400e+01,6.015221429092242715e+02
1.632059247605612740e+01,6.009542849888591718e+02
1.636045523727159079e+01,6.011009603779074268e+02
1.640077097624368108e+01,6.011875395656779801e+02
1.644063373745913736e+01,6.019621690763689230e+02
1.648049649867460076e+01,6.017197472428226774e+02
1.652035925989006415e+01,6.029089384483833101e+02
1.656067499886215799e+01,6.012929625689243949e+02
1.660053776007761783e+01,6.016255287043871931e+02
1.664040052129307767e+01,6.015588117564863069e+02
1.668071626026517151e+01,6.018007242880117929e+02
1.672057902148063135e+01,6.014630653119883164e+02
1.676044178269609830e+01,6.009262740064798436e+02
1.680075752166818503e+01,6.008009887633637618e+02
1.684062028288364488e+01,6.004129101448110077e+02
1.688048304409910827e+01,6.004139286590286702e+02
1.692079878307120211e+01,6.010551242739178406e+02
1.696066154428666550e+01,6.005855593081550978e+02
1.700052430550212534e+01,6.007363090235462550e+02
1.704084004447421208e+01,6.006084773601498910e+02
1.708070280568967547e+01,6.008661778950261123e+02
1.712056556690513887e+01,6.008707614335658036e+02
1.716042832812060226e+01,6.006665363533442132e+02
1.720074406709269965e+01,6.008885866450000321e+02
1.724060682830814883e+01,6.011508707184159448e+02
1.728046958952361578e+01,6.011386478292112088e+02
1.732078532849570607e+01,6.002876249016949259e+02
1.736064808971117301e+01,6.014029691107106146e+02
1.740051085092663641e+01,6.000788161032854759e+02
1.744037361214209625e+01,5.989777319915580165e+02
1.748068935111418298e+01,5.998664423703780813e+02
1.752055211232964638e+01,6.009064117666101765e+02
1.756041487354510977e+01,6.000054784087614053e+02
1.760073061251719650e+01,5.996362435158605422e+02
1.764059337373266345e+01,6.004088358184681056e+02
1.768045613494811974e+01,6.009853516037157988e+02
1.772077187392021358e+01,6.003273494712581169e+02
1.776063463513567697e+01,5.997864839292308261e+02
1.780049739635114392e+01,5.998674609744198278e+02
1.784081313532323065e+01,5.999652445371773410e+02
1.788067589653869049e+01,5.999952926378161919e+02
1.792053865775415389e+01,5.996617079881356176e+02
1.796085439672624418e+01,6.001384030025424181e+02
1.800071715794171112e+01,5.997966697001760394e+02
1.804057991915716741e+01,5.997151833529660507e+02
1.808044268037262725e+01,5.994406763005215453e+02
1.812075841934472109e+01,5.998832489777705632e+02
1.816062118056018448e+01,6.001261801133376821e+02
1.820048394177564788e+01,5.995588314949934556e+02
1.824079968074773817e+01,6.002988292766818859e+02
1.828066244196320156e+01,5.993963681025945789e+02
1.832052520317865785e+01,5.986731768384745465e+02
1.836038796439412124e+01,5.994274347174510922e+02
1.840070370336621508e+01,5.995420248876010874e+02
1.844056646458167492e+01,6.002051199504433043e+02
1.848042922579713832e+01,5.996785145057040154e+02
1.852074496476922860e+01,5.991284817069491737e+02
1.856060772598468844e+01,5.996051768111799447e+02
1.860047048720015539e+01,5.998929254466949033e+02
1.864078622617224212e+01,6.005911614507366494e+02
1.868064898738770907e+01,6.003920292110756236e+02
1.872051174860316536e+01,5.993607177695502060e+02
1.876082748757525920e+01,6.000177013877901118e+02
1.880069024879072259e+01,6.005743549331681379e+02
1.884055301000618243e+01,5.998088926792047459e+02
1.888086874897827627e+01,5.990683855954954424e+02
1.892073151019373256e+01,5.988229079498239571e+02
1.896059427140919595e+01,5.973240686607953194e+02
1.900045703262465935e+01,5.985840511405997404e+02
1.904077277159675674e+01,5.978150238623142059e+02
1.908063553281221303e+01,5.979372533831290184e+02
1.912049829402767287e+01,5.980365648519491515e+02
1.916081403299976671e+01,5.974997736362646492e+02
1.920067679421523010e+01,5.975685277024250581e+02
1.924053955543069350e+01,5.972486938480117260e+02
1.928040231664615334e+01,5.974727812579269539e+02
1.932071805561824718e+01,5.972996227925618768e+02
1.936058081683370347e+01,5.981842588450391531e+02
1.940044357804916686e+01,5.981750915883116022e+02
1.944075931702126070e+01,5.983854282029595879e+02
1.948062207823672054e+01,5.984373757515514853e+02
1.952048483945218393e+01,5.980605014181617207e+02
1.956080057842427067e+01,5.984862675778422272e+02
1.960066333963973406e+01,5.982698195185919303e+02
1.964052610085520101e+01,5.990062522759583317e+02
1.968084183982728774e+01,5.985672446230313426e+02
1.972070460104275114e+01,5.988931899220469859e+02
1.976056736225821098e+01,5.994152118282464698e+02
1.980043012347367437e+01,5.996107789537613826e+02
1.984074586244576821e+01,5.989206916024054408e+02
1.988060862366122450e+01,5.988010085018709105e+02
1.992047138487669145e+01,5.997065253982594868e+02
1.996078712384877818e+01,5.996443920787222623e+02
2.000064988506424157e+01,5.991610763176922774e+02
2.004051264627970497e+01,5.989930106928878786e+02
2.008037540749517191e+01,5.992619156027509462e+02
2.012069114646725865e+01,5.994162303424641323e+02
2.016055390768271494e+01,5.995542478666296802e+02
2.020041666889817833e+01,5.991463069183832886e+02
2.024073240787027217e+01,5.994641035647131275e+02
2.028059516908573912e+01,5.991396860819361336e+02
2.032045793030119540e+01,5.982438457442959816e+02
2.036077366927329280e+01,5.981399506471120731e+02
2.040063643048874908e+01,5.984842303697588477e+02
2.044049919170421248e+01,5.992710828594784971e+02
2.048081493067630632e+01,5.984017255083311966e+02
2.052067769189176971e+01,5.976153823206323068e+02
2.056054045310722245e+01,5.980217954526401627e+02
2.060040321432268584e+01,5.982942653868252592e+02
2.064071895329477968e+01,5.985565495500651423e+02
2.068058171451024307e+01,5.980696686748891580e+02
2.072044447572570292e+01,5.988585582828683300e+02
2.076076021469779675e+01,5.990505604738852981e+02
2.080062297591325304e+01,5.989318959773924007e+02
2.084048573712871644e+01,5.990551440124249893e+02
2.088080147610081383e+01,5.978695178311864993e+02
2.092066423731627722e+01,5.978328489839243503e+02
2.096052699853173706e+01,5.977941430184029059e+02
2.100038975974720046e+01,5.977452511921121641e+02
