# z_mm,preetch_thickness_nm,film_etched_nm (raster-digitized Xin 2024 arXiv2404.12381 Fig2b, 400dpi)
0.000000000000000000e+00,6.111270223752151196e+02,3.247951807228915868e+02
1.000000000000000056e-01,6.118168674698795257e+02,3.251132530120481761e+02
2.000000000000000111e-01,6.113831325301205197e+02,3.246939759036144437e+02
3.000000000000000444e-01,6.112674698795181030e+02,3.248096385542168605e+02
4.000000000000000222e-01,6.112819277108433198e+02,3.248240963855421910e+02
5.000000000000000000e-01,6.109060240963855222e+02,3.250120481927710898e+02
6.000000000000000888e-01,6.103132530120482215e+02,3.249542168674698814e+02
7.000000000000000666e-01,6.101542168674699269e+02,3.253734939759036138e+02
8.000000000000000444e-01,6.108048192771084359e+02,3.248385542168674647e+02
9.000000000000000222e-01,6.112963855421686503e+02,3.249542168674698814e+02
1.000000000000000000e+00,6.109349397590361832e+02,3.248385542168674647e+02
1.100000000000000089e+00,6.108337349397589833e+02,3.247807228915662563e+02
1.200000000000000178e+00,6.111518072289156862e+02,3.250987951807229024e+02
1.300000000000000044e+00,6.109927710843373916e+02,3.249253012048192772e+02
1.400000000000000133e+00,6.105445783132530551e+02,3.248819277108433994e+02
1.500000000000000000e+00,6.109638554216867306e+02,3.249542168674698814e+02
1.600000000000000089e+00,6.108915662650601917e+02,3.248385542168674647e+02
1.700000000000000178e+00,6.110216867469879389e+02,3.248674698795180689e+02
1.800000000000000044e+00,6.111951807228915641e+02,3.248530120481927952e+02
1.900000000000000133e+00,6.111518072289156862e+02,3.248674698795180689e+02
2.000000000000000000e+00,6.109783132530120611e+02,3.248819277108433994e+02
2.100000000000000089e+00,6.106168674698794803e+02,3.250120481927710898e+02
2.200000000000000178e+00,6.108048192771084359e+02,3.249253012048192772e+02
2.300000000000000266e+00,6.108337349397589833e+02,3.251999999999999886e+02
2.400000000000000355e+00,6.108626506024096443e+02,3.250265060240963635e+02
2.500000000000000000e+00,6.115132530120481533e+02,3.247662650602409826e+02
2.600000000000000089e+00,6.116867469879517785e+02,3.249831325301204856e+02
2.700000000000000178e+00,6.113686746987951892e+02,3.251566265060241108e+02
2.800000000000000266e+00,6.117590361445783174e+02,3.250554216867469677e+02
2.900000000000000355e+00,6.121349397590361150e+02,3.247228915662650479e+02
3.000000000000000000e+00,6.126265060240963294e+02,3.250409638554216940e+02
3.100000000000000089e+00,6.123084337349397401e+02,3.249253012048192772e+02
3.200000000000000178e+00,6.127566265060240767e+02,3.249975903614457593e+02
3.300000000000000266e+00,6.126409638554216599e+02,3.250987951807229024e+02
3.400000000000000355e+00,6.125975903614457820e+02,3.251566265060241108e+02
3.500000000000000000e+00,6.122216867469879844e+02,3.249253012048192772e+02
3.600000000000000089e+00,6.123084337349397401e+02,3.248963855421686731e+02
3.700000000000000178e+00,6.120048192771084814e+02,3.248963855421686731e+02
3.800000000000000266e+00,6.120771084337349066e+02,3.250265060240963635e+02
3.900000000000000355e+00,6.122361445783132012e+02,3.249975903614457593e+02
4.000000000000000000e+00,6.122939759036144096e+02,3.252578313253011970e+02
4.100000000000000533e+00,6.123518072289156180e+02,3.250698795180722982e+02
4.200000000000000178e+00,6.126987951807228683e+02,3.249253012048192772e+02
4.299999999999999822e+00,6.130313253012047880e+02,3.250843373493975719e+02
4.400000000000000355e+00,6.130891566265059964e+02,3.248963855421686731e+02
4.500000000000000000e+00,6.133060240963854994e+02,3.251277108433735066e+02
4.600000000000000533e+00,6.130168674698795712e+02,3.251710843373493844e+02
4.700000000000000178e+00,6.123084337349397401e+02,3.249542168674698814e+02
4.800000000000000711e+00,6.123807228915662790e+02,3.250120481927710898e+02
4.900000000000000355e+00,6.125686746987952347e+02,3.251710843373493844e+02
5.000000000000000000e+00,6.128289156626506156e+02,3.259710843373493958e+02
