drive,case,dw_rad_s,P_source_W,eta_shift,eta_abs,IL_dB,carrier_rel_dB
ao,AO_Shao_IDT(50%),214371732.76783988,2.576414799315363e-08,0.015506843546832622,0.00517012692587883,4.770222000905359,18.026664927344054
ao,AO_Shao_IDT(50%),244761595.73965698,3.358669730642932e-08,0.020060441696168347,0.0066974888192336485,4.764284939306476,16.888262601277617
ao,AO_Shao_IDT(50%),279459600.2724979,4.378434079223074e-08,0.025948090581433755,0.008678373233976943,4.756670812700628,15.744304680835404
ao,AO_Shao_IDT(50%),319076479.08756727,5.707820811078155e-08,0.03354944595607294,0.011245928361027753,4.746900398833916,14.594289969279718
ao,AO_Shao_IDT(50%),364309543.87555563,7.440837939293103e-08,0.043343533494875776,0.01457096100093196,4.734361176077083,13.437400480204706
ao,AO_Shao_IDT(50%),415954958.94384414,9.700036331092444e-08,0.055928706541181684,0.018871542642507573,4.718273728017647,12.272420621247502
ao,AO_Shao_IDT(50%),474921754.80606246,1.2645175932087588e-07,0.07204233321776986,0.024424324073887577,4.697652160058974,11.097625233793648
ao,AO_Shao_IDT(50%),542247828.3724947,1.6484523242547356e-07,0.09257654841684518,0.03157730505257133,4.67125922070635,9.91062462478706
ao,AO_Shao_IDT(50%),619118211.3667475,2.148957895038337e-07,0.11858366040823366,0.0407632699077504,4.637558373621675,8.708148907609148
ao,AO_Shao_IDT(50%),706885928.5180013,2.8014277190184483e-07,0.15126091885672552,0.0525121707218337,4.594667629478078,7.4857446011832405
ao,AO_Shao_IDT(50%),807095812.6617866,3.6520014110117776e-07,0.19189946592663037,0.06745923036297764,4.54032384006723,6.237340820528182
ao,AO_Shao_IDT(50%),921511695.9278972,4.760827564990687e-07,0.24177730745160614,0.08634324821248388,4.47187154077575,4.9546153358265865
ao,AO_Shao_IDT(50%),1052147455.6178373,6.206317181376922e-07,0.30197341162627994,0.10998640562713431,4.386296960977499,3.6260418255952978
ao,AO_Shao_IDT(50%),1201302461.2220504,8.090688526319209e-07,0.3730840805961254,0.13924297927053422,4.2803341123693075,2.235406591779999
ao,AO_Shao_IDT(50%),1371602046.4933112,1.054719552947351e-06,0.4548402132395222,0.17490071053787143,4.150672806548359,0.7593955717644325
ao,AO_Shao_IDT(50%),1566043718.9405694,1.3749550878774853e-06,0.5456616556205466,0.2175174719041222,3.994292893741826,-0.836552063609557
ao,AO_Shao_IDT(50%),1788049920.094057,1.7924210169398032e-06,0.6422432741381618,0.2671816928511812,3.808928676402229,-2.6058777958925017
ao,AO_Shao_IDT(50%),2041528265.195062,2.3366385784477274e-06,0.7393322714270381,0.32320408504836606,3.5936282203293715,-4.636262791089811
ao,AO_Shao_IDT(50%),2330940322.6119757,3.0460922934344176e-06,0.8298914663046036,0.3837863284241484,3.3493179894821,-7.0843987662906045
ao,AO_Shao_IDT(50%),2661380143.5951633,3.970951411015623e-06,0.9057993622290722,0.4457680142502432,3.079231077743108,-10.26865445727319
ao,AO_Shao_IDT(50%),3038663924.6026254,5.176617643081429e-06,0.9590843988264657,0.5046068633666172,2.789036732541862,-14.977861929694022
ao,AO_Shao_IDT(50%),3469432380.3769927,6.748350067524033e-06,0.9834592761556122,0.5547554190990173,2.4865482771749905,-23.16147566057001
ao,AO_Shao_IDT(50%),3961267629.681184,8.797294251530498e-06,0.9757184403666602,0.5905074168415173,2.1809915614360955,-19.402097412888786
ao,AO_Shao_IDT(50%),4522826651.042818,1.146834194634583e-05,0.9365197253769977,0.6071855662627914,1.8819548994218538,-12.794389762412528
ao,AO_Shao_IDT(50%),5163993657.512496,1.495037715436581e-05,0.8702533589428814,0.6023103070507287,1.598254131092041,-8.810893878961473
ao,AO_Shao_IDT(50%),5896054072.44179,1.94896331225109e-05,0.7840394105991925,0.5762887239185878,1.3369777157565774,-5.938378480843042
ao,AO_Shao_IDT(50%),6731893168.494526,2.5407104805991596e-05,0.6862159698245704,0.5323162860018952,1.1029106742926813,-3.6393852316517594
ao,AO_Shao_IDT(50%),7686222866.211797,3.312124813047672e-05,0.5848195994698638,0.4755336756502944,0.8984064141391991,-1.6753456536411484
ao,AO_Shao_IDT(50%),8775840684.098211,4.3177571238337404e-05,0.4864683213256224,0.41180367545448926,0.7236434590582621,0.07998962703322622
ao,AO_Shao_IDT(50%),10019925398.107914,5.62872102735239e-05,0.39582368944703084,0.34656889976674315,0.5771219489667987,1.7022951920600946
ao,AO_Shao_IDT(50%),11440374614.54495,7.337721760418977e-05,0.31557696206061514,0.28410658883606726,0.45623985320594107,3.2418234202327367
ao,AO_Shao_IDT(50%),13062190198.126564,9.565611863100674e-05,0.2467741456582317,0.22725695782448047,0.3578246834094398,4.735471558592198
ao,AO_Shao_IDT(50%),14913918339.274612,0.00012469937305208982,0.18927871566097254,0.1775197023355199,0.2785521941454871,6.213549018894429
ao,AO_Shao_IDT(50%),17028152006.426369,0.00016256078400554922,0.1422245734208267,0.1353478281534768,0.2152334855119822,7.704368436352286
ao,AO_IDT_100%,214371732.76783988,1.2882073996576815e-08,0.015506843546832622,0.00517012692587883,4.770222000905359,18.026664927344054
ao,AO_IDT_100%,244761595.73965698,1.679334865321466e-08,0.020060441696168347,0.0066974888192336485,4.764284939306476,16.888262601277617
ao,AO_IDT_100%,279459600.2724979,2.189217039611537e-08,0.025948090581433755,0.008678373233976943,4.756670812700628,15.744304680835404
ao,AO_IDT_100%,319076479.08756727,2.8539104055390775e-08,0.03354944595607294,0.011245928361027753,4.746900398833916,14.594289969279718
ao,AO_IDT_100%,364309543.87555563,3.720418969646551e-08,0.043343533494875776,0.01457096100093196,4.734361176077083,13.437400480204706
ao,AO_IDT_100%,415954958.94384414,4.850018165546222e-08,0.055928706541181684,0.018871542642507573,4.718273728017647,12.272420621247502
ao,AO_IDT_100%,474921754.80606246,6.322587966043794e-08,0.07204233321776986,0.024424324073887577,4.697652160058974,11.097625233793648
ao,AO_IDT_100%,542247828.3724947,8.242261621273678e-08,0.09257654841684518,0.03157730505257133,4.67125922070635,9.91062462478706
ao,AO_IDT_100%,619118211.3667475,1.0744789475191685e-07,0.11858366040823366,0.0407632699077504,4.637558373621675,8.708148907609148
ao,AO_IDT_100%,706885928.5180013,1.4007138595092242e-07,0.15126091885672552,0.0525121707218337,4.594667629478078,7.4857446011832405
ao,AO_IDT_100%,807095812.6617866,1.8260007055058888e-07,0.19189946592663037,0.06745923036297764,4.54032384006723,6.237340820528182
ao,AO_IDT_100%,921511695.9278972,2.3804137824953435e-07,0.24177730745160614,0.08634324821248388,4.47187154077575,4.9546153358265865
ao,AO_IDT_100%,1052147455.6178373,3.103158590688461e-07,0.30197341162627994,0.10998640562713431,4.386296960977499,3.6260418255952978
ao,AO_IDT_100%,1201302461.2220504,4.0453442631596044e-07,0.3730840805961254,0.13924297927053422,4.2803341123693075,2.235406591779999
ao,AO_IDT_100%,1371602046.4933112,5.273597764736754e-07,0.4548402132395222,0.17490071053787143,4.150672806548359,0.7593955717644325
ao,AO_IDT_100%,1566043718.9405694,6.874775439387426e-07,0.5456616556205466,0.2175174719041222,3.994292893741826,-0.836552063609557
ao,AO_IDT_100%,1788049920.094057,8.962105084699016e-07,0.6422432741381618,0.2671816928511812,3.808928676402229,-2.6058777958925017
ao,AO_IDT_100%,2041528265.195062,1.1683192892238637e-06,0.7393322714270381,0.32320408504836606,3.5936282203293715,-4.636262791089811
ao,AO_IDT_100%,2330940322.6119757,1.5230461467172088e-06,0.8298914663046036,0.3837863284241484,3.3493179894821,-7.0843987662906045
ao,AO_IDT_100%,2661380143.5951633,1.9854757055078117e-06,0.9057993622290722,0.4457680142502432,3.079231077743108,-10.26865445727319
ao,AO_IDT_100%,3038663924.6026254,2.5883088215407145e-06,0.9590843988264657,0.5046068633666172,2.789036732541862,-14.977861929694022
ao,AO_IDT_100%,3469432380.3769927,3.3741750337620164e-06,0.9834592761556122,0.5547554190990173,2.4865482771749905,-23.16147566057001
ao,AO_IDT_100%,3961267629.681184,4.398647125765249e-06,0.9757184403666602,0.5905074168415173,2.1809915614360955,-19.402097412888786
ao,AO_IDT_100%,4522826651.042818,5.734170973172915e-06,0.9365197253769977,0.6071855662627914,1.8819548994218538,-12.794389762412528
ao,AO_IDT_100%,5163993657.512496,7.475188577182905e-06,0.8702533589428814,0.6023103070507287,1.598254131092041,-8.810893878961473
ao,AO_IDT_100%,5896054072.44179,9.74481656125545e-06,0.7840394105991925,0.5762887239185878,1.3369777157565774,-5.938378480843042
ao,AO_IDT_100%,6731893168.494526,1.2703552402995798e-05,0.6862159698245704,0.5323162860018952,1.1029106742926813,-3.6393852316517594
ao,AO_IDT_100%,7686222866.211797,1.656062406523836e-05,0.5848195994698638,0.4755336756502944,0.8984064141391991,-1.6753456536411484
ao,AO_IDT_100%,8775840684.098211,2.1588785619168702e-05,0.4864683213256224,0.41180367545448926,0.7236434590582621,0.07998962703322622
ao,AO_IDT_100%,10019925398.107914,2.814360513676195e-05,0.39582368944703084,0.34656889976674315,0.5771219489667987,1.7022951920600946
ao,AO_IDT_100%,11440374614.54495,3.668860880209488e-05,0.31557696206061514,0.28410658883606726,0.45623985320594107,3.2418234202327367
ao,AO_IDT_100%,13062190198.126564,4.782805931550337e-05,0.2467741456582317,0.22725695782448047,0.3578246834094398,4.735471558592198
ao,AO_IDT_100%,14913918339.274612,6.234968652604491e-05,0.18927871566097254,0.1775197023355199,0.2785521941454871,6.213549018894429
ao,AO_IDT_100%,17028152006.426369,8.128039200277461e-05,0.1422245734208267,0.1353478281534768,0.2152334855119822,7.704368436352286
ao,AO_IDT_10%,214371732.76783988,1.2882073996576814e-07,0.015506843546832622,0.00517012692587883,4.770222000905359,18.026664927344054
ao,AO_IDT_10%,244761595.73965698,1.6793348653214658e-07,0.020060441696168347,0.0066974888192336485,4.764284939306476,16.888262601277617
ao,AO_IDT_10%,279459600.2724979,2.189217039611537e-07,0.025948090581433755,0.008678373233976943,4.756670812700628,15.744304680835404
ao,AO_IDT_10%,319076479.08756727,2.853910405539077e-07,0.03354944595607294,0.011245928361027753,4.746900398833916,14.594289969279718
ao,AO_IDT_10%,364309543.87555563,3.720418969646551e-07,0.043343533494875776,0.01457096100093196,4.734361176077083,13.437400480204706
ao,AO_IDT_10%,415954958.94384414,4.850018165546222e-07,0.055928706541181684,0.018871542642507573,4.718273728017647,12.272420621247502
ao,AO_IDT_10%,474921754.80606246,6.322587966043794e-07,0.07204233321776986,0.024424324073887577,4.697652160058974,11.097625233793648
ao,AO_IDT_10%,542247828.3724947,8.242261621273677e-07,0.09257654841684518,0.03157730505257133,4.67125922070635,9.91062462478706
ao,AO_IDT_10%,619118211.3667475,1.0744789475191683e-06,0.11858366040823366,0.0407632699077504,4.637558373621675,8.708148907609148
ao,AO_IDT_10%,706885928.5180013,1.4007138595092241e-06,0.15126091885672552,0.0525121707218337,4.594667629478078,7.4857446011832405
ao,AO_IDT_10%,807095812.6617866,1.8260007055058888e-06,0.19189946592663037,0.06745923036297764,4.54032384006723,6.237340820528182
ao,AO_IDT_10%,921511695.9278972,2.3804137824953435e-06,0.24177730745160614,0.08634324821248388,4.47187154077575,4.9546153358265865
ao,AO_IDT_10%,1052147455.6178373,3.103158590688461e-06,0.30197341162627994,0.10998640562713431,4.386296960977499,3.6260418255952978
ao,AO_IDT_10%,1201302461.2220504,4.045344263159604e-06,0.3730840805961254,0.13924297927053422,4.2803341123693075,2.235406591779999
ao,AO_IDT_10%,1371602046.4933112,5.273597764736754e-06,0.4548402132395222,0.17490071053787143,4.150672806548359,0.7593955717644325
ao,AO_IDT_10%,1566043718.9405694,6.874775439387426e-06,0.5456616556205466,0.2175174719041222,3.994292893741826,-0.836552063609557
ao,AO_IDT_10%,1788049920.094057,8.962105084699016e-06,0.6422432741381618,0.2671816928511812,3.808928676402229,-2.6058777958925017
ao,AO_IDT_10%,2041528265.195062,1.1683192892238637e-05,0.7393322714270381,0.32320408504836606,3.5936282203293715,-4.636262791089811
ao,AO_IDT_10%,2330940322.6119757,1.5230461467172087e-05,0.8298914663046036,0.3837863284241484,3.3493179894821,-7.0843987662906045
ao,AO_IDT_10%,2661380143.5951633,1.9854757055078115e-05,0.9057993622290722,0.4457680142502432,3.079231077743108,-10.26865445727319
ao,AO_IDT_10%,3038663924.6026254,2.5883088215407143e-05,0.9590843988264657,0.5046068633666172,2.789036732541862,-14.977861929694022
ao,AO_IDT_10%,3469432380.3769927,3.374175033762016e-05,0.9834592761556122,0.5547554190990173,2.4865482771749905,-23.16147566057001
ao,AO_IDT_10%,3961267629.681184,4.3986471257652485e-05,0.9757184403666602,0.5905074168415173,2.1809915614360955,-19.402097412888786
ao,AO_IDT_10%,4522826651.042818,5.734170973172914e-05,0.9365197253769977,0.6071855662627914,1.8819548994218538,-12.794389762412528
ao,AO_IDT_10%,5163993657.512496,7.475188577182904e-05,0.8702533589428814,0.6023103070507287,1.598254131092041,-8.810893878961473
ao,AO_IDT_10%,5896054072.44179,9.744816561255449e-05,0.7840394105991925,0.5762887239185878,1.3369777157565774,-5.938378480843042
ao,AO_IDT_10%,6731893168.494526,0.00012703552402995797,0.6862159698245704,0.5323162860018952,1.1029106742926813,-3.6393852316517594
ao,AO_IDT_10%,7686222866.211797,0.0001656062406523836,0.5848195994698638,0.4755336756502944,0.8984064141391991,-1.6753456536411484
ao,AO_IDT_10%,8775840684.098211,0.00021588785619168702,0.4864683213256224,0.41180367545448926,0.7236434590582621,0.07998962703322622
ao,AO_IDT_10%,10019925398.107914,0.0002814360513676195,0.39582368944703084,0.34656889976674315,0.5771219489667987,1.7022951920600946
ao,AO_IDT_10%,11440374614.54495,0.0003668860880209488,0.31557696206061514,0.28410658883606726,0.45623985320594107,3.2418234202327367
ao,AO_IDT_10%,13062190198.126564,0.0004782805931550337,0.2467741456582317,0.22725695782448047,0.3578246834094398,4.735471558592198
ao,AO_IDT_10%,14913918339.274612,0.0006234968652604491,0.18927871566097254,0.1775197023355199,0.2785521941454871,6.213549018894429
ao,AO_IDT_10%,17028152006.426369,0.000812803920027746,0.1422245734208267,0.1353478281534768,0.2152334855119822,7.704368436352286
eo,EO_unmatched(Vc=V0),94471567.87418577,9.042791153434483e-06,0.012127425265310897,0.004039584622961554,4.774318966363149,19.1092762585352
eo,EO_unmatched(Vc=V0),107864089.19852677,1.1788376986359821e-05,0.015686572541287074,0.005230801624297853,4.769598122718055,17.976008815050523
eo,EO_unmatched(Vc=V0),123155167.21520288,1.5367581713944383e-05,0.02029308220721643,0.006776292822912469,4.763558498688573,16.83743722496923
eo,EO_unmatched(Vc=V0),140613945.98056582,2.0033509957139836e-05,0.026248950046510237,0.008780709134027034,4.755823452442187,15.693312866755754
eo,EO_unmatched(Vc=V0),160547724.0729588,2.6116114342092508e-05,0.03393804373961776,0.011378782031817102,4.745910267529373,14.543127263916292
eo,EO_unmatched(Vc=V0),183307363.47139663,3.404552820691165e-05,0.04384461409250237,0.014743344729908124,4.733202315378531,13.386053827599465
eo,EO_unmatched(Vc=V0),209293465.2101634,4.4382482619914366e-05,0.056573400999048194,0.019095047603336288,4.716915424287873,12.220866450498885
eo,EO_unmatched(Vc=V0),238963420.50936237,5.785795865863837e-05,0.07286942476587152,0.024713798956729822,4.696058317704132,11.045826755896012
eo,EO_unmatched(Vc=V0),272839461.4910382,7.542487897336923e-05,0.09363374349768824,0.031951672830544814,4.6693878633418535,9.85852803876456
eo,EO_unmatched(Vc=V0),311517853.18457645,9.832549402083039e-05,0.11992868475102963,0.04124648322471756,4.635361453688366,8.655678053250677
eo,EO_unmatched(Vc=V0),355679388.613347,0.00012817922820736462,0.15296215025185422,0.05313428448629428,4.592091433471387,7.4327933157033605
eo,EO_unmatched(Vc=V0),406101371.6905901,0.00016709719801005998,0.19403569620837158,0.06825753360307892,4.537310416687912,6.1837617481924445
eo,EO_unmatched(Vc=V0),463671298.84003115,0.00021783150026182592,0.24443614136981628,0.08736334322960876,4.468361740924564,4.9002029616577225
eo,EO_unmatched(Vc=V0),529402480.1566142,0.0002839698275698262,0.3052478529128813,0.1112830539875781,4.382235821643044,3.5705054989004097
eo,EO_unmatched(Vc=V0),604451875.0613196,0.000370189173159583,0.37706717223200603,0.14088046890651987,4.275679355610299,2.178324889978765
eo,EO_unmatched(Vc=V0),690140456.3821827,0.0004825865659649301,0.45961835230241094,0.17695248246586487,4.145407017646682,0.7001328128968297
eo,EO_unmatched(Vc=V0),787976461.2974178,0.0006291102240027658,0.5513084474338215,0.22006486827163238,3.9884393083000917,-0.8990140413351704
eo,EO_unmatched(Vc=V0),899681938.3893039,0.0008201216151830712,0.6488172483063782,0.2703120811043939,3.8025693061001276,-2.6733211998078894
eo,EO_unmatched(Vc=V0),1027223058.0735847,0.001069128171866322,0.746882631615445,0.32700939162744996,3.586921345860813,-4.712237573004277
eo,EO_unmatched(Vc=V0),1172844719.9097304,0.0013937384733154106,0.8384750143460279,0.38836411613700744,3.3425103024930465,-7.17743486788609
eo,EO_unmatched(Vc=V0),1339110065.9284432,0.0018169074420783804,0.9155078363410803,0.45122814470009076,3.0726588571419966,-10.40596632481684
eo,EO_unmatched(Vc=V0),1528945595.4654393,0.002368559608767243,0.9700752350994588,0.5110863411818318,2.783111431304774,-15.301678109717663
eo,EO_unmatched(Vc=V0),1745692675.5848038,0.003087705234927217,0.9959770877047154,0.5624408029065404,2.48172528121924,-25.968458438016487
eo,EO_unmatched(Vc=V0),1993166353.746376,0.0040251989363100866,0.9900934794592227,0.599657960398763,2.1777259708151764,-20.810632019716373
eo,EO_unmatched(Vc=V0),2275722507.9012103,0.005247335883489465,0.9531359087666817,0.6181438156166957,1.8806530302518691,-13.259539263996054
eo,EO_unmatched(Vc=V0),2598334515.9493747,0.006840539886308605,0.8894904690941867,0.6154859266147521,1.5992317194578434,-9.13751218481906
eo,EO_unmatched(Vc=V0),2966680794.048267,0.00891747488157015,0.8062058527630604,0.592110179877389,1.3404341887839955,-6.239537844544161
eo,EO_unmatched(Vc=V0),3387244744.5663447,0.01162501199979803,0.711493160043172,0.5511608195385769,1.1089239210746367,-3.9543307819979656
eo,EO_unmatched(Vc=V0),3867428872.9040966,0.015154615604776791,0.6132339199681861,0.4976586086657358,0.9069464804879696,-2.0282923121466383
eo,EO_unmatched(Vc=V0),4415685081.7956295,0.01975588275801647,0.5178949841350986,0.4373023371969015,0.7345990638037521,-0.33297177274871587
eo,EO_unmatched(Vc=V0),5041663436.450217,0.02575419355575535,0.4300155691894994,0.375362573934847,0.5903321148836361,1.2046602103913826
eo,EO_unmatched(Vc=V0),5756382019.005464,0.033573720487795874,0.35220566000161163,0.3159685996439233,0.4715240546301946,2.6290903357190394
eo,EO_unmatched(Vc=V0),6572420861.964574,0.043767423932431694,0.285471023994626,0.26185525132140236,0.37500745076760644,3.968374561579162
eo,EO_unmatched(Vc=V0),7504143374.113714,0.05705615492860008,0.22966785679221133,0.2144628867308655,0.2974807026470163,5.240166542414515
eo,EO_open(Vc=2V0),94471567.87418577,2.260697788358621e-06,0.012127425265310897,0.004039584622961554,4.774318966363149,19.1092762585352
eo,EO_open(Vc=2V0),107864089.19852677,2.9470942465899553e-06,0.015686572541287074,0.005230801624297853,4.769598122718055,17.976008815050523
eo,EO_open(Vc=2V0),123155167.21520288,3.841895428486096e-06,0.02029308220721643,0.006776292822912469,4.763558498688573,16.83743722496923
eo,EO_open(Vc=2V0),140613945.98056582,5.008377489284959e-06,0.026248950046510237,0.008780709134027034,4.755823452442187,15.693312866755754
eo,EO_open(Vc=2V0),160547724.0729588,6.529028585523127e-06,0.03393804373961776,0.011378782031817102,4.745910267529373,14.543127263916292
eo,EO_open(Vc=2V0),183307363.47139663,8.511382051727913e-06,0.04384461409250237,0.014743344729908124,4.733202315378531,13.386053827599465
eo,EO_open(Vc=2V0),209293465.2101634,1.1095620654978591e-05,0.056573400999048194,0.019095047603336288,4.716915424287873,12.220866450498885
eo,EO_open(Vc=2V0),238963420.50936237,1.4464489664659593e-05,0.07286942476587152,0.024713798956729822,4.696058317704132,11.045826755896012
eo,EO_open(Vc=2V0),272839461.4910382,1.8856219743342307e-05,0.09363374349768824,0.031951672830544814,4.6693878633418535,9.85852803876456
eo,EO_open(Vc=2V0),311517853.18457645,2.4581373505207598e-05,0.11992868475102963,0.04124648322471756,4.635361453688366,8.655678053250677
eo,EO_open(Vc=2V0),355679388.613347,3.2044807051841155e-05,0.15296215025185422,0.05313428448629428,4.592091433471387,7.4327933157033605
eo,EO_open(Vc=2V0),406101371.6905901,4.1774299502514996e-05,0.19403569620837158,0.06825753360307892,4.537310416687912,6.1837617481924445
eo,EO_open(Vc=2V0),463671298.84003115,5.445787506545648e-05,0.24443614136981628,0.08736334322960876,4.468361740924564,4.9002029616577225
eo,EO_open(Vc=2V0),529402480.1566142,7.099245689245655e-05,0.3052478529128813,0.1112830539875781,4.382235821643044,3.5705054989004097
eo,EO_open(Vc=2V0),604451875.0613196,9.254729328989575e-05,0.37706717223200603,0.14088046890651987,4.275679355610299,2.178324889978765
eo,EO_open(Vc=2V0),690140456.3821827,0.00012064664149123253,0.45961835230241094,0.17695248246586487,4.145407017646682,0.7001328128968297
eo,EO_open(Vc=2V0),787976461.2974178,0.00015727755600069144,0.5513084474338215,0.22006486827163238,3.9884393083000917,-0.8990140413351704
eo,EO_open(Vc=2V0),899681938.3893039,0.0002050304037957678,0.6488172483063782,0.2703120811043939,3.8025693061001276,-2.6733211998078894
eo,EO_open(Vc=2V0),1027223058.0735847,0.0002672820429665805,0.746882631615445,0.32700939162744996,3.586921345860813,-4.712237573004277
eo,EO_open(Vc=2V0),1172844719.9097304,0.00034843461832885264,0.8384750143460279,0.38836411613700744,3.3425103024930465,-7.17743486788609
eo,EO_open(Vc=2V0),1339110065.9284432,0.0004542268605195951,0.9155078363410803,0.45122814470009076,3.0726588571419966,-10.40596632481684
eo,EO_open(Vc=2V0),1528945595.4654393,0.0005921399021918107,0.9700752350994588,0.5110863411818318,2.783111431304774,-15.301678109717663
eo,EO_open(Vc=2V0),1745692675.5848038,0.0007719263087318043,0.9959770877047154,0.5624408029065404,2.48172528121924,-25.968458438016487
eo,EO_open(Vc=2V0),1993166353.746376,0.0010062997340775216,0.9900934794592227,0.599657960398763,2.1777259708151764,-20.810632019716373
eo,EO_open(Vc=2V0),2275722507.9012103,0.0013118339708723663,0.9531359087666817,0.6181438156166957,1.8806530302518691,-13.259539263996054
eo,EO_open(Vc=2V0),2598334515.9493747,0.0017101349715771513,0.8894904690941867,0.6154859266147521,1.5992317194578434,-9.13751218481906
eo,EO_open(Vc=2V0),2966680794.048267,0.0022293687203925375,0.8062058527630604,0.592110179877389,1.3404341887839955,-6.239537844544161
eo,EO_open(Vc=2V0),3387244744.5663447,0.0029062529999495075,0.711493160043172,0.5511608195385769,1.1089239210746367,-3.9543307819979656
eo,EO_open(Vc=2V0),3867428872.9040966,0.0037886539011941977,0.6132339199681861,0.4976586086657358,0.9069464804879696,-2.0282923121466383
eo,EO_open(Vc=2V0),4415685081.7956295,0.004938970689504118,0.5178949841350986,0.4373023371969015,0.7345990638037521,-0.33297177274871587
eo,EO_open(Vc=2V0),5041663436.450217,0.006438548388938837,0.4300155691894994,0.375362573934847,0.5903321148836361,1.2046602103913826
eo,EO_open(Vc=2V0),5756382019.005464,0.008393430121948969,0.35220566000161163,0.3159685996439233,0.4715240546301946,2.6290903357190394
eo,EO_open(Vc=2V0),6572420861.964574,0.010941855983107924,0.285471023994626,0.26185525132140236,0.37500745076760644,3.968374561579162
eo,EO_open(Vc=2V0),7504143374.113714,0.01426403873215002,0.22966785679221133,0.2144628867308655,0.2974807026470163,5.240166542414515
eo,EO_LC_Q30,94471567.87418577,3.827960824196732e-08,0.012127425265310897,0.004039584622961554,4.774318966363149,19.1092762585352
eo,EO_LC_Q30,107864089.19852677,4.990212039510492e-08,0.015686572541287074,0.005230801624297853,4.769598122718055,17.976008815050523
eo,EO_LC_Q30,123155167.21520288,6.505347714602328e-08,0.02029308220721643,0.006776292822912469,4.763558498688573,16.83743722496923
eo,EO_LC_Q30,140613945.98056582,8.48051115920777e-08,0.026248950046510237,0.008780709134027034,4.755823452442187,15.693312866755754
eo,EO_LC_Q30,160547724.0729588,1.1055376695701197e-07,0.03393804373961776,0.011378782031817102,4.745910267529373,14.543127263916292
eo,EO_LC_Q30,183307363.47139663,1.4412026774017086e-07,0.04384461409250237,0.014743344729908124,4.733202315378531,13.386053827599465
eo,EO_LC_Q30,209293465.2101634,1.878782799103992e-07,0.056573400999048194,0.019095047603336288,4.716915424287873,12.220866450498885
eo,EO_LC_Q30,238963420.50936237,2.4492216546341857e-07,0.07286942476587152,0.024713798956729822,4.696058317704132,11.045826755896012
eo,EO_LC_Q30,272839461.4910382,3.192858012320444e-07,0.09363374349768824,0.031951672830544814,4.6693878633418535,9.85852803876456
eo,EO_LC_Q30,311517853.18457645,4.162278357922443e-07,0.11992868475102963,0.04124648322471756,4.635361453688366,8.655678053250677
eo,EO_LC_Q30,355679388.613347,5.426035564994866e-07,0.15296215025185422,0.05313428448629428,4.592091433471387,7.4327933157033605
eo,EO_LC_Q30,406101371.6905901,7.0734966335324e-07,0.19403569620837158,0.06825753360307892,4.537310416687912,6.1837617481924445
eo,EO_LC_Q30,463671298.84003115,9.221162306303741e-07,0.24443614136981628,0.08736334322960876,4.468361740924564,4.9002029616577225
eo,EO_LC_Q30,529402480.1566142,1.2020905456589474e-06,0.3052478529128813,0.1112830539875781,4.382235821643044,3.5705054989004097
eo,EO_LC_Q30,604451875.0613196,1.567071082757956e-06,0.37706717223200603,0.14088046890651987,4.275679355610299,2.178324889978765
eo,EO_LC_Q30,690140456.3821827,2.0428675587578567e-06,0.45961835230241094,0.17695248246586487,4.145407017646682,0.7001328128968297
eo,EO_LC_Q30,787976461.2974178,2.6631260754812102e-06,0.5513084474338215,0.22006486827163238,3.9884393083000917,-0.8990140413351704
eo,EO_LC_Q30,899681938.3893039,3.4717084147247967e-06,0.6488172483063782,0.2703120811043939,3.8025693061001276,-2.6733211998078894
eo,EO_LC_Q30,1027223058.0735847,4.525793738358068e-06,0.746882631615445,0.32700939162744996,3.586921345860813,-4.712237573004277
eo,EO_LC_Q30,1172844719.9097304,5.899922031264469e-06,0.8384750143460279,0.38836411613700744,3.3425103024930465,-7.17743486788609
eo,EO_LC_Q30,1339110065.9284432,7.691265220502168e-06,0.9155078363410803,0.45122814470009076,3.0726588571419966,-10.40596632481684
eo,EO_LC_Q30,1528945595.4654393,1.0026498719581906e-05,0.9700752350994588,0.5110863411818318,2.783111431304774,-15.301678109717663
eo,EO_LC_Q30,1745692675.5848038,1.3070759321340097e-05,0.9959770877047154,0.5624408029065404,2.48172528121924,-25.968458438016487
eo,EO_LC_Q30,1993166353.746376,1.7039322899701427e-05,0.9900934794592227,0.599657960398763,2.1777259708151764,-20.810632019716373
eo,EO_LC_Q30,2275722507.9012103,2.221282771279138e-05,0.9531359087666817,0.6181438156166957,1.8806530302518691,-13.259539263996054
eo,EO_LC_Q30,2598334515.9493747,2.895711982820618e-05,0.8894904690941867,0.6154859266147521,1.5992317194578434,-9.13751218481906
eo,EO_LC_Q30,2966680794.048267,3.7749124046112744e-05,0.8062058527630604,0.592110179877389,1.3404341887839955,-6.239537844544161
eo,EO_LC_Q30,3387244744.5663447,4.921056979087975e-05,0.711493160043172,0.5511608195385769,1.1089239210746367,-3.9543307819979656
eo,EO_LC_Q30,3867428872.9040966,6.415195690858474e-05,0.6132339199681861,0.4976586086657358,0.9069464804879696,-2.0282923121466383
eo,EO_LC_Q30,4415685081.7956295,8.362987042600026e-05,0.5178949841350986,0.4373023371969015,0.7345990638037521,-0.33297177274871587
eo,EO_LC_Q30,5041663436.450217,0.0001090216973027936,0.4300155691894994,0.375362573934847,0.5903321148836361,1.2046602103913826
eo,EO_LC_Q30,5756382019.005464,0.00014212302879626043,0.35220566000161163,0.3159685996439233,0.4715240546301946,2.6290903357190394
eo,EO_LC_Q30,6572420861.964574,0.00018527463627834284,0.285471023994626,0.26185525132140236,0.37500745076760644,3.968374561579162
eo,EO_LC_Q30,7504143374.113714,0.0002415279996409383,0.22966785679221133,0.2144628867308655,0.2974807026470163,5.240166542414515
eo,EO_LC_Q100,94471567.87418577,1.3998635723326048e-08,0.012127425265310897,0.004039584622961554,4.774318966363149,19.1092762585352
eo,EO_LC_Q100,107864089.19852677,1.8248922528595128e-08,0.015686572541287074,0.005230801624297853,4.769598122718055,17.976008815050523
eo,EO_LC_Q100,123155167.21520288,2.3789687797914995e-08,0.02029308220721643,0.006776292822912469,4.763558498688573,16.83743722496923
eo,EO_LC_Q100,140613945.98056582,3.101274854093175e-08,0.026248950046510237,0.008780709134027034,4.755823452442187,15.693312866755754
eo,EO_LC_Q100,160547724.0729588,4.042888583629753e-08,0.03393804373961776,0.011378782031817102,4.745910267529373,14.543127263916292
eo,EO_LC_Q100,183307363.47139663,5.270396488099443e-08,0.04384461409250237,0.014743344729908124,4.733202315378531,13.386053827599465
eo,EO_LC_Q100,209293465.2101634,6.870602186328954e-08,0.056573400999048194,0.019095047603336288,4.716915424287873,12.220866450498885
eo,EO_LC_Q100,238963420.50936237,8.956664742278402e-08,0.07286942476587152,0.024713798956729822,4.696058317704132,11.045826755896012
eo,EO_LC_Q100,272839461.4910382,1.1676100744880485e-07,0.09363374349768824,0.031951672830544814,4.6693878633418535,9.85852803876456
eo,EO_LC_Q100,311517853.18457645,1.522121599138014e-07,0.11992868475102963,0.04124648322471756,4.635361453688366,8.655678053250677
eo,EO_LC_Q100,355679388.613347,1.984270445403886e-07,0.15296215025185422,0.05313428448629428,4.592091433471387,7.4327933157033605
eo,EO_LC_Q100,406101371.6905901,2.5867376185536496e-07,0.19403569620837158,0.06825753360307892,4.537310416687912,6.1837617481924445
eo,EO_LC_Q100,463671298.84003115,3.3721267797639585e-07,0.24443614136981628,0.08736334322960876,4.468361740924564,4.9002029616577225
eo,EO_LC_Q100,529402480.1566142,4.395976977811676e-07,0.3052478529128813,0.1112830539875781,4.382235821643044,3.5705054989004097
eo,EO_LC_Q100,604451875.0613196,5.73069011088692e-07,0.37706717223200603,0.14088046890651987,4.275679355610299,2.178324889978765
eo,EO_LC_Q100,690140456.3821827,7.47065085026113e-07,0.45961835230241094,0.17695248246586487,4.145407017646682,0.7001328128968297
eo,EO_LC_Q100,787976461.2974178,9.738901082869708e-07,0.5513084474338215,0.22006486827163238,3.9884393083000917,-0.8990140413351704
eo,EO_LC_Q100,899681938.3893039,1.2695840858177106e-06,0.6488172483063782,0.2703120811043939,3.8025693061001276,-2.6733211998078894
eo,EO_LC_Q100,1027223058.0735847,1.6550571129598521e-06,0.746882631615445,0.32700939162744996,3.586921345860813,-4.712237573004277
eo,EO_LC_Q100,1172844719.9097304,2.1575680396109654e-06,0.8384750143460279,0.38836411613700744,3.3425103024930465,-7.17743486788609
eo,EO_LC_Q100,1339110065.9284432,2.8126520886192718e-06,0.9155078363410803,0.45122814470009076,3.0726588571419966,-10.40596632481684
eo,EO_LC_Q100,1528945595.4654393,3.66663374057061e-06,0.9700752350994588,0.5110863411818318,2.783111431304774,-15.301678109717663
eo,EO_LC_Q100,1745692675.5848038,4.779902584428979e-06,0.9959770877047154,0.5624408029065404,2.48172528121924,-25.968458438016487
eo,EO_LC_Q100,1993166353.746376,6.231183786869113e-06,0.9900934794592227,0.599657960398763,2.1777259708151764,-20.810632019716373
eo,EO_LC_Q100,2275722507.9012103,8.123105167922365e-06,0.9531359087666817,0.6181438156166957,1.8806530302518691,-13.259539263996054
eo,EO_LC_Q100,2598334515.9493747,1.0589454560492316e-05,0.8894904690941867,0.6154859266147521,1.5992317194578434,-9.13751218481906
eo,EO_LC_Q100,2966680794.048267,1.380464066026769e-05,0.8062058527630604,0.592110179877389,1.3404341887839955,-6.239537844544161
eo,EO_LC_Q100,3387244744.5663447,1.799602639309652e-05,0.711493160043172,0.5511608195385769,1.1089239210746367,-3.9543307819979656
eo,EO_LC_Q100,3867428872.9040966,2.3460006957888197e-05,0.6132339199681861,0.4976586086657358,0.9069464804879696,-2.0282923121466383
eo,EO_LC_Q100,4415685081.7956295,3.0582969509051836e-05,0.5178949841350986,0.4373023371969015,0.7345990638037521,-0.33297177274871587
eo,EO_LC_Q100,5041663436.450217,3.986861664919932e-05,0.4300155691894994,0.375362573934847,0.5903321148836361,1.2046602103913826
eo,EO_LC_Q100,5756382019.005464,5.197358592174504e-05,0.35220566000161163,0.3159685996439233,0.4715240546301946,2.6290903357190394
eo,EO_LC_Q100,6572420861.964574,6.775388414735137e-05,0.285471023994626,0.26185525132140236,0.37500745076760644,3.968374561579162
eo,EO_LC_Q100,7504143374.113714,8.832542022335379e-05,0.22966785679221133,0.2144628867308655,0.2974807026470163,5.240166542414515
eo,EO_LC_ideal,94471567.87418577,3.5925046439083607e-09,0.012127425265310897,0.004039584622961554,4.774318966363149,19.1092762585352
eo,EO_LC_ideal,107864089.19852677,4.68326630009093e-09,0.015686572541287074,0.005230801624297853,4.769598122718055,17.976008815050523
eo,EO_LC_ideal,123155167.21520288,6.105206648725728e-09,0.02029308220721643,0.006776292822912469,4.763558498688573,16.83743722496923
eo,EO_LC_ideal,140613945.98056582,7.958878661869195e-09,0.026248950046510237,0.008780709134027034,4.755823452442187,15.693312866755754
eo,EO_LC_ideal,160547724.0729588,1.0375365355991335e-08,0.03393804373961776,0.011378782031817102,4.745910267529373,14.543127263916292
eo,EO_LC_ideal,183307363.47139663,1.3525549369918811e-08,0.04384461409250237,0.014743344729908124,4.733202315378531,13.386053827599465
eo,EO_LC_ideal,209293465.2101634,1.7632196985956818e-08,0.056573400999048194,0.019095047603336288,4.716915424287873,12.220866450498885
eo,EO_LC_ideal,238963420.50936237,2.298571111965494e-08,0.07286942476587152,0.024713798956729822,4.696058317704132,11.045826755896012
eo,EO_LC_ideal,272839461.4910382,2.996466725598787e-08,0.09363374349768824,0.031951672830544814,4.6693878633418535,9.85852803876456
eo,EO_LC_ideal,311517853.18457645,3.906258453732586e-08,0.11992868475102963,0.04124648322471756,4.635361453688366,8.655678053250677
eo,EO_LC_ideal,355679388.613347,5.0922825129346635e-08,0.15296215025185422,0.05313428448629428,4.592091433471387,7.4327933157033605
eo,EO_LC_ideal,406101371.6905901,6.638408978484706e-08,0.19403569620837158,0.06825753360307892,4.537310416687912,6.1837617481924445
eo,EO_LC_ideal,463671298.84003115,8.653972683897668e-08,0.24443614136981628,0.08736334322960876,4.468361740924564,4.9002029616577225
eo,EO_LC_ideal,529402480.1566142,1.1281504869069057e-07,0.3052478529128813,0.1112830539875781,4.382235821643044,3.5705054989004097
eo,EO_LC_ideal,604451875.0613196,1.470681232304359e-07,0.37706717223200603,0.14088046890651987,4.275679355610299,2.178324889978765
eo,EO_LC_ideal,690140456.3821827,1.9172116771250842e-07,0.45961835230241094,0.17695248246586487,4.145407017646682,0.7001328128968297
eo,EO_LC_ideal,787976461.2974178,2.4993183663229665e-07,0.5513084474338215,0.22006486827163238,3.9884393083000917,-0.8990140413351704
eo,EO_LC_ideal,899681938.3893039,3.258165162861024e-07,0.6488172483063782,0.2703120811043939,3.8025693061001276,-2.6733211998078894
eo,EO_LC_ideal,1027223058.0735847,4.247414163606168e-07,0.746882631615445,0.32700939162744996,3.586921345860813,-4.712237573004277
eo,EO_LC_ideal,1172844719.9097304,5.537020431880351e-07,0.8384750143460279,0.38836411613700744,3.3425103024930465,-7.17743486788609
eo,EO_LC_ideal,1339110065.9284432,7.218178892408868e-07,0.9155078363410803,0.45122814470009076,3.0726588571419966,-10.40596632481684
eo,EO_LC_ideal,1528945595.4654393,9.409773209943391e-07,0.9700752350994588,0.5110863411818318,2.783111431304774,-15.301678109717663
eo,EO_LC_ideal,1745692675.5848038,1.2266782686099277e-06,0.9959770877047154,0.5624408029065404,2.48172528121924,-25.968458438016487
eo,EO_LC_ideal,1993166353.746376,1.599124167083834e-06,0.9900934794592227,0.599657960398763,2.1777259708151764,-20.810632019716373
eo,EO_LC_ideal,2275722507.9012103,2.0846526486927856e-06,0.9531359087666817,0.6181438156166957,1.8806530302518691,-13.259539263996054
eo,EO_LC_ideal,2598334515.9493747,2.7175980171863743e-06,0.8894904690941867,0.6154859266147521,1.5992317194578434,-9.13751218481906
eo,EO_LC_ideal,2966680794.048267,3.542719209191237e-06,0.8062058527630604,0.592110179877389,1.3404341887839955,-6.239537844544161
eo,EO_LC_ideal,3387244744.5663447,4.618364936903706e-06,0.711493160043172,0.5511608195385769,1.1089239210746367,-3.9543307819979656
eo,EO_LC_ideal,3867428872.9040966,6.020599836161105e-06,0.6132339199681861,0.4976586086657358,0.9069464804879696,-2.0282923121466383
eo,EO_LC_ideal,4415685081.7956295,7.848583401788225e-06,0.5178949841350986,0.4373023371969015,0.7345990638037521,-0.33297177274871587
eo,EO_LC_ideal,5041663436.450217,1.0231582083373192e-05,0.4300155691894994,0.375362573934847,0.5903321148836361,1.2046602103913826
eo,EO_LC_ideal,5756382019.005464,1.3338110404095581e-05,0.35220566000161163,0.3159685996439233,0.4715240546301946,2.6290903357190394
eo,EO_LC_ideal,6572420861.964574,1.7387847519783593e-05,0.285471023994626,0.26185525132140236,0.37500745076760644,3.968374561579162
eo,EO_LC_ideal,7504143374.113714,2.2667171901531822e-05,0.22966785679221133,0.2144628867308655,0.2974807026470163,5.240166542414515
