photon_bw_Hz,Delta_Hz,ReH,ImH
5.000000000000000000e+06,-2.000000000000000000e+07,1.590193198171572786e-01,7.259962842046030485e-01
5.000000000000000000e+06,-1.900000000000000000e+07,1.540483607335318972e-01,7.272348581812994039e-01
5.000000000000000000e+06,-1.800000000000000000e+07,1.490672092914773483e-01,7.284303938656748745e-01
5.000000000000000000e+06,-1.700000000000000000e+07,1.440762310335245155e-01,7.295828539468388607e-01
5.000000000000000000e+06,-1.600000000000000000e+07,1.390757895556992418e-01,7.306922021468995609e-01
5.000000000000000000e+06,-1.500000000000000000e+07,1.340662466001373010e-01,7.317584031278818735e-01
5.000000000000000000e+06,-1.400000000000000000e+07,1.290479621505987995e-01,7.327814224030482215e-01
5.000000000000000000e+06,-1.299999999999999814e+07,1.240212945307857945e-01,7.337612262526808093e-01
5.000000000000000000e+06,-1.200000000000000000e+07,1.189866005052752085e-01,7.346977816444071330e-01
5.000000000000000000e+06,-1.100000000000000000e+07,1.139442353829376586e-01,7.355910561581108231e-01
5.000000000000000000e+06,-1.000000000000000000e+07,1.088945531227114294e-01,7.364410179154957659e-01
5.000000000000000000e+06,-9.000000000000000000e+06,1.038379064415421993e-01,7.372476355143580129e-01
5.000000000000000000e+06,-7.999999999999998137e+06,9.877464692439071048e-02,7.380108779676065600e-01
5.000000000000000000e+06,-7.000000000000000000e+06,9.370512513611024830e-02,7.387307146470912800e-01
5.000000000000000000e+06,-5.999999999999999069e+06,8.862969073509117945e-02,7.394071152322695406e-01
5.000000000000000000e+06,-5.000000000000000000e+06,8.354869258848704461e-02,7.400400496637606906e-01
5.000000000000000000e+06,-3.999999999999999069e+06,7.846247888888664701e-02,7.406294881018198328e-01
5.000000000000000000e+06,-2.999999999999998137e+06,7.337139727229734232e-02,7.411754008897634138e-01
5.000000000000000000e+06,-1.999999999999999534e+06,6.827579493725438597e-02,7.416777585223811586e-01
5.000000000000000000e+06,-9.999999999999987194e+05,6.317601876494588486e-02,7.421365316193547779e-01
5.000000000000000000e+06,0.000000000000000000e+00,5.807241544016455981e-02,7.425516909037122026e-01
5.000000000000000000e+06,1.000000000000000931e+06,5.296533157297157735e-02,7.429232071853332231e-01
5.000000000000000000e+06,2.000000000000001863e+06,4.785511382089210203e-02,7.432510513495262927e-01
5.000000000000000000e+06,3.000000000000002794e+06,4.274210901149935043e-02,7.435351943506890438e-01
5.000000000000000000e+06,4.000000000000003725e+06,3.762666426525682756e-02,7.437756072110618399e-01
5.000000000000000000e+06,5.000000000000000000e+06,3.250912711842251362e-02,7.439722610245863565e-01
5.000000000000000000e+06,6.000000000000000931e+06,2.738984564591511600e-02,7.441251269658643031e-01
5.000000000000000000e+06,7.000000000000001863e+06,2.226916858393782409e-02,7.442341763042283898e-01
5.000000000000000000e+06,8.000000000000002794e+06,1.714744545225519584e-02,7.442993804229136590e-01
5.000000000000000000e+06,9.000000000000003725e+06,1.202502667593252292e-02,7.443207108433297359e-01
5.000000000000000000e+06,1.000000000000000000e+07,6.902263706396713321e-03,7.442981392544196773e-01
5.000000000000000000e+06,1.100000000000000000e+07,1.779509141685279043e-03,7.442316375471003109e-01
5.000000000000000000e+06,1.200000000000000186e+07,-3.342883154313661294e-03,7.441211778537601962e-01
5.000000000000000000e+06,1.300000000000000186e+07,-8.464557933734202094e-03,7.439667325928041031e-01
5.000000000000000000e+06,1.400000000000000373e+07,-1.358515844792160081e-02,7.437682745182129240e-01
5.000000000000000000e+06,1.500000000000000000e+07,-1.870432633204580780e-02,7.435257767741026980e-01
5.000000000000000000e+06,1.600000000000000000e+07,-2.382170149133109455e-02,7.432392129542453318e-01
5.000000000000000000e+06,1.700000000000000000e+07,-2.893692198904278950e-02,7.429085571665212662e-01
5.000000000000000000e+06,1.800000000000000373e+07,-3.404962393636892792e-02,7.425337841022665586e-01
5.000000000000000000e+06,1.900000000000000373e+07,-3.915944138439206995e-02,7.421148691104735295e-01
5.000000000000000000e+06,2.000000000000000000e+07,-4.426600621825615978e-02,7.416517882768020042e-01
1.000000000000000000e+07,-4.000000000000000000e+07,2.557146104302325251e-01,6.922580511568466877e-01
1.000000000000000000e+07,-3.800000000000000000e+07,2.463232279234526811e-01,6.963939890454808879e-01
1.000000000000000000e+07,-3.600000000000000000e+07,2.368614245161266840e-01,7.003620107492143365e-01
1.000000000000000000e+07,-3.400000000000000000e+07,2.273325099319257192e-01,7.041614912930933556e-01
1.000000000000000000e+07,-3.200000000000000000e+07,2.177397466948896299e-01,7.077918594608391123e-01
1.000000000000000000e+07,-3.000000000000000000e+07,2.080863507314150151e-01,7.112525928471827852e-01
1.000000000000000000e+07,-2.800000000000000000e+07,1.983754923068666298e-01,7.145432130762430223e-01
1.000000000000000000e+07,-2.599999999999999627e+07,1.886102972810997924e-01,7.176632812038836740e-01
1.000000000000000000e+07,-2.400000000000000000e+07,1.787938486666143245e-01,7.206123933207534416e-01
1.000000000000000000e+07,-2.200000000000000000e+07,1.689291884725335480e-01,7.233901763715165911e-01
1.000000000000000000e+07,-2.000000000000000000e+07,1.590193198171572786e-01,7.259962842046030485e-01
1.000000000000000000e+07,-1.800000000000000000e+07,1.490672092914773483e-01,7.284303938656748745e-01
1.000000000000000000e+07,-1.599999999999999627e+07,1.390757895556992418e-01,7.306922021468995609e-01
1.000000000000000000e+07,-1.400000000000000000e+07,1.290479621505987995e-01,7.327814224030482215e-01
1.000000000000000000e+07,-1.199999999999999814e+07,1.189866005052752085e-01,7.346977816444071330e-01
1.000000000000000000e+07,-1.000000000000000000e+07,1.088945531227114294e-01,7.364410179154957659e-01
1.000000000000000000e+07,-7.999999999999998137e+06,9.877464692439071048e-02,7.380108779676065600e-01
1.000000000000000000e+07,-5.999999999999996275e+06,8.862969073509117945e-02,7.394071152322695406e-01
1.000000000000000000e+07,-3.999999999999999069e+06,7.846247888888664701e-02,7.406294881018198328e-01
1.000000000000000000e+07,-1.999999999999997439e+06,6.827579493725438597e-02,7.416777585223811586e-01
1.000000000000000000e+07,0.000000000000000000e+00,5.807241544016455981e-02,7.425516909037122026e-01
1.000000000000000000e+07,2.000000000000001863e+06,4.785511382089210203e-02,7.432510513495262927e-01
1.000000000000000000e+07,4.000000000000003725e+06,3.762666426525682756e-02,7.437756072110618399e-01
1.000000000000000000e+07,6.000000000000005588e+06,2.738984564591511600e-02,7.441251269658643031e-01
1.000000000000000000e+07,8.000000000000007451e+06,1.714744545225519584e-02,7.442993804229136590e-01
1.000000000000000000e+07,1.000000000000000000e+07,6.902263706396713321e-03,7.442981392544196773e-01
1.000000000000000000e+07,1.200000000000000186e+07,-3.342883154313661294e-03,7.441211778537601962e-01
1.000000000000000000e+07,1.400000000000000373e+07,-1.358515844792160081e-02,7.437682745182129240e-01
1.000000000000000000e+07,1.600000000000000559e+07,-2.382170149133109455e-02,7.432392129542453318e-01
1.000000000000000000e+07,1.800000000000000745e+07,-3.404962393636892792e-02,7.425337841022665586e-01
1.000000000000000000e+07,2.000000000000000000e+07,-4.426600621825615978e-02,7.416517882768020042e-01
1.000000000000000000e+07,2.200000000000000000e+07,-5.446789413631832749e-02,7.405930376171295793e-01
1.000000000000000000e+07,2.400000000000000373e+07,-6.465229558677478006e-02,7.393573588424198206e-01
1.000000000000000000e+07,2.600000000000000373e+07,-7.481617746745235220e-02,7.379445963044023449e-01
1.000000000000000000e+07,2.800000000000000745e+07,-8.495646277417683023e-02,7.363546153295241758e-01
1.000000000000000000e+07,3.000000000000000000e+07,-9.507002790855370589e-02,7.345873058414524870e-01
1.000000000000000000e+07,3.200000000000000000e+07,-1.051537002166921392e-01,7.326425862536323219e-01
1.000000000000000000e+07,3.400000000000000000e+07,-1.152042557782457649e-01,7.305204076204093733e-01
1.000000000000000000e+07,3.600000000000000745e+07,-1.252184174648930115e-01,7.282207580339938868e-01
1.000000000000000000e+07,3.800000000000000745e+07,-1.351928532870567135e-01,7.257436672532665556e-01
1.000000000000000000e+07,4.000000000000000000e+07,-1.451241750472821168e-01,7.230892115491068806e-01
2.500000000000000000e+07,-1.000000000000000000e+08,4.868284645962671631e-01,4.968490531261709475e-01
2.500000000000000000e+07,-9.500000000000000000e+07,4.725189391850767029e-01,5.176768025452603839e-01
2.500000000000000000e+07,-9.000000000000000000e+07,4.571230526660743365e-01,5.378417915638572522e-01
2.500000000000000000e+07,-8.500000000000000000e+07,4.406921478099666833e-01,5.572817751819446608e-01
2.500000000000000000e+07,-8.000000000000000000e+07,4.232808851698391384e-01,5.759405523042205877e-01
2.500000000000000000e+07,-7.500000000000000000e+07,4.049463687755280317e-01,5.937680059855574566e-01
2.500000000000000000e+07,-7.000000000000000000e+07,3.857473161628595659e-01,6.107200089596465098e-01
2.500000000000000000e+07,-6.499999999999999255e+07,3.657432930131717108e-01,6.267582094386981995e-01
2.500000000000000000e+07,-6.000000000000000000e+07,3.449940286791614019e-01,6.418497148066999447e-01
2.500000000000000000e+07,-5.500000000000000745e+07,3.235588247094381975e-01,6.559666924765323870e-01
2.500000000000000000e+07,-5.000000000000000000e+07,3.014960643822915398e-01,6.690859079116150410e-01
2.500000000000000000e+07,-4.499999999999999255e+07,2.788628274018193909e-01,6.811882197401455397e-01
2.500000000000000000e+07,-3.999999999999999255e+07,2.557146104302325251e-01,6.922580511568466877e-01
2.500000000000000000e+07,-3.500000000000000000e+07,2.321051511125251376e-01,7.022828555683762186e-01
2.500000000000000000e+07,-2.999999999999999255e+07,2.080863507314150151e-01,7.112525928471827852e-01
2.500000000000000000e+07,-2.500000000000000000e+07,1.837082886093470424e-01,7.191592307553137386e-01
2.500000000000000000e+07,-1.999999999999999627e+07,1.590193198171572786e-01,7.259962842046030485e-01
2.500000000000000000e+07,-1.499999999999999069e+07,1.340662466001373010e-01,7.317584031278818735e-01
2.500000000000000000e+07,-9.999999999999998137e+06,1.088945531227114294e-01,7.364410179154957659e-01
2.500000000000000000e+07,-4.999999999999993481e+06,8.354869258848704461e-02,7.400400496637606906e-01
2.500000000000000000e+07,0.000000000000000000e+00,5.807241544016455981e-02,7.425516909037122026e-01
2.500000000000000000e+07,5.000000000000004657e+06,3.250912711842251362e-02,7.439722610245863565e-01
2.500000000000000000e+07,1.000000000000000931e+07,6.902263706396713321e-03,7.442981392544196773e-01
2.500000000000000000e+07,1.500000000000001304e+07,-1.870432633204580780e-02,7.435257767741026980e-01
2.500000000000000000e+07,2.000000000000001863e+07,-4.426600621825615978e-02,7.416517882768020042e-01
2.500000000000000000e+07,2.500000000000000000e+07,-6.973699272451329423e-02,7.386731219936231163e-01
2.500000000000000000e+07,3.000000000000000373e+07,-9.507002790855370589e-02,7.345873058414524870e-01
2.500000000000000000e+07,3.500000000000000745e+07,-1.202160928021483027e-01,7.293927658687464621e-01
2.500000000000000000e+07,4.000000000000001490e+07,-1.451241750472821168e-01,7.230892115491068806e-01
2.500000000000000000e+07,4.500000000000001490e+07,-1.697411022095980659e-01,7.156780806859422972e-01
2.500000000000000000e+07,5.000000000000000000e+07,-1.940114519873715193e-01,7.071630347498444324e-01
2.500000000000000000e+07,5.500000000000000745e+07,-2.178775496949378609e-01,6.975504934032956683e-01
2.500000000000000000e+07,6.000000000000000745e+07,-2.412795621528038836e-01,6.868501948322234263e-01
2.500000000000000000e+07,6.500000000000001490e+07,-2.641556953923741013e-01,6.750757663869372260e-01
2.500000000000000000e+07,7.000000000000001490e+07,-2.864425013294694677e-01,6.622452880507398998e-01
2.500000000000000000e+07,7.500000000000000000e+07,-3.080752957533525738e-01,6.483818295428837031e-01
2.500000000000000000e+07,8.000000000000000000e+07,-3.289886866304253532e-01,6.335139405820641167e-01
2.500000000000000000e+07,8.500000000000001490e+07,-3.491172078931735201e-01,6.176760731547299432e-01
2.500000000000000000e+07,9.000000000000001490e+07,-3.683960496860265721e-01,6.009089147121797758e-01
2.500000000000000000e+07,9.500000000000001490e+07,-3.867618716346879482e-01,5.832596122043860465e-01
2.500000000000000000e+07,1.000000000000000000e+08,-4.041536813084974367e-01,5.647818688514483210e-01
5.000000000000000000e+07,-2.000000000000000000e+08,5.236214148366723498e-01,6.551419318464565822e-02
5.000000000000000000e+07,-1.900000000000000000e+08,5.385920098526771893e-01,1.009853681424987826e-01
5.000000000000000000e+07,-1.800000000000000000e+08,5.505425265342125396e-01,1.394848749190281401e-01
5.000000000000000000e+07,-1.700000000000000000e+08,5.589109081258746281e-01,1.806878209480555220e-01
5.000000000000000000e+07,-1.600000000000000000e+08,5.631833682851727918e-01,2.241494508076289915e-01
5.000000000000000000e+07,-1.500000000000000000e+08,5.629254360115879541e-01,2.693158878556398683e-01
5.000000000000000000e+07,-1.400000000000000000e+08,5.578095355682266554e-01,3.155445659048071172e-01
5.000000000000000000e+07,-1.299999999999999851e+08,5.476355935576526779e-01,3.621328790178207635e-01
5.000000000000000000e+07,-1.200000000000000000e+08,5.323419251129783980e-01,4.083521681277543780e-01
5.000000000000000000e+07,-1.100000000000000149e+08,5.120050123972120781e-01,4.534832018195641967e-01
5.000000000000000000e+07,-1.000000000000000000e+08,4.868284645962671631e-01,4.968490531261709475e-01
5.000000000000000000e+07,-8.999999999999998510e+07,4.571230526660743365e-01,5.378417915638572522e-01
5.000000000000000000e+07,-7.999999999999998510e+07,4.232808851698391384e-01,5.759405523042205877e-01
5.000000000000000000e+07,-7.000000000000000000e+07,3.857473161628595659e-01,6.107200089596465098e-01
5.000000000000000000e+07,-5.999999999999998510e+07,3.449940286791614019e-01,6.418497148066999447e-01
5.000000000000000000e+07,-5.000000000000000000e+07,3.014960643822915398e-01,6.690859079116150410e-01
5.000000000000000000e+07,-3.999999999999999255e+07,2.557146104302325251e-01,6.922580511568466877e-01
5.000000000000000000e+07,-2.999999999999998137e+07,2.080863507314150151e-01,7.112525928471827852e-01
5.000000000000000000e+07,-1.999999999999999627e+07,1.590193198171572786e-01,7.259962842046030485e-01
5.000000000000000000e+07,-9.999999999999986961e+06,1.088945531227114294e-01,7.364410179154957659e-01
5.000000000000000000e+07,0.000000000000000000e+00,5.807241544016455981e-02,7.425516909037122026e-01
5.000000000000000000e+07,1.000000000000000931e+07,6.902263706396713321e-03,7.442981392544196773e-01
5.000000000000000000e+07,2.000000000000001863e+07,-4.426600621825615978e-02,7.416517882768020042e-01
5.000000000000000000e+07,3.000000000000002608e+07,-9.507002790855370589e-02,7.345873058414524870e-01
5.000000000000000000e+07,4.000000000000003725e+07,-1.451241750472821168e-01,7.230892115491068806e-01
5.000000000000000000e+07,5.000000000000000000e+07,-1.940114519873715193e-01,7.071630347498444324e-01
5.000000000000000000e+07,6.000000000000000745e+07,-2.412795621528038836e-01,6.868501948322234263e-01
5.000000000000000000e+07,7.000000000000001490e+07,-2.864425013294694677e-01,6.622452880507398998e-01
5.000000000000000000e+07,8.000000000000002980e+07,-3.289886866304253532e-01,6.335139405820641167e-01
5.000000000000000000e+07,9.000000000000002980e+07,-3.683960496860265721e-01,6.009089147121797758e-01
5.000000000000000000e+07,1.000000000000000000e+08,-4.041536813084974367e-01,5.647818688514483210e-01
5.000000000000000000e+07,1.100000000000000149e+08,-4.357885816535849721e-01,5.255882273378823522e-01
5.000000000000000000e+07,1.200000000000000149e+08,-4.628950081991726750e-01,4.838831373661665047e-01
5.000000000000000000e+07,1.300000000000000298e+08,-4.851630658648092842e-01,4.403075102183682255e-01
5.000000000000000000e+07,1.400000000000000298e+08,-5.024028106557864026e-01,3.955645530267916099e-01
5.000000000000000000e+07,1.500000000000000000e+08,-5.145604304685658104e-01,3.503887382076726897e-01
5.000000000000000000e+07,1.600000000000000000e+08,-5.217240554072439807e-01,3.055104799808402438e-01
5.000000000000000000e+07,1.700000000000000298e+08,-5.241182662382788404e-01,2.616205546479878352e-01
5.000000000000000000e+07,1.800000000000000298e+08,-5.220880789924333687e-01,2.193383101236889565e-01
5.000000000000000000e+07,1.900000000000000298e+08,-5.160746905442157306e-01,1.791869665163559888e-01
5.000000000000000000e+07,2.000000000000000000e+08,-5.065862481985285992e-01,1.415780251345793439e-01
1.000000000000000000e+08,-4.000000000000000000e+08,1.700537146304767488e-01,-1.337000606215756615e-01
1.000000000000000000e+08,-3.800000000000000000e+08,1.925083875590171134e-01,-1.366937923950286848e-01
1.000000000000000000e+08,-3.600000000000000000e+08,2.182342865723130299e-01,-1.379023523317493005e-01
1.000000000000000000e+08,-3.400000000000000000e+08,2.475514216255899347e-01,-1.365145750095602128e-01
1.000000000000000000e+08,-3.200000000000000000e+08,2.806759142745202107e-01,-1.314666623686243929e-01
1.000000000000000000e+08,-3.000000000000000000e+08,3.176161856346561008e-01,-1.214053788248881105e-01
1.000000000000000000e+08,-2.800000000000000000e+08,3.580225452985859591e-01,-1.046815231100108323e-01
1.000000000000000000e+08,-2.599999999999999702e+08,4.009902512019864473e-01,-7.940795723290004771e-02
1.000000000000000000e+08,-2.400000000000000000e+08,4.448384672233099968e-01,-4.362836752464787499e-02
1.000000000000000000e+08,-2.200000000000000298e+08,4.869270048203115375e-01,4.358956498784071106e-03
1.000000000000000000e+08,-2.000000000000000000e+08,5.236214148366723498e-01,6.551419318464565822e-02
1.000000000000000000e+08,-1.799999999999999702e+08,5.505425265342125396e-01,1.394848749190281401e-01
1.000000000000000000e+08,-1.599999999999999702e+08,5.631833682851727918e-01,2.241494508076289915e-01
1.000000000000000000e+08,-1.400000000000000000e+08,5.578095355682266554e-01,3.155445659048071172e-01
1.000000000000000000e+08,-1.199999999999999702e+08,5.323419251129780649e-01,4.083521681277557103e-01
1.000000000000000000e+08,-1.000000000000000000e+08,4.868284645962671631e-01,4.968490531261709475e-01
1.000000000000000000e+08,-7.999999999999998510e+07,4.232808851698391384e-01,5.759405523042205877e-01
1.000000000000000000e+08,-5.999999999999996275e+07,3.449940286791614019e-01,6.418497148066999447e-01
1.000000000000000000e+08,-3.999999999999999255e+07,2.557146104302325251e-01,6.922580511568466877e-01
1.000000000000000000e+08,-1.999999999999997392e+07,1.590193198171572786e-01,7.259962842046030485e-01
1.000000000000000000e+08,0.000000000000000000e+00,5.807241544016455981e-02,7.425516909037122026e-01
1.000000000000000000e+08,2.000000000000001863e+07,-4.426600621825615978e-02,7.416517882768020042e-01
1.000000000000000000e+08,4.000000000000003725e+07,-1.451241750472821168e-01,7.230892115491068806e-01
1.000000000000000000e+08,6.000000000000005215e+07,-2.412795621528038836e-01,6.868501948322234263e-01
1.000000000000000000e+08,8.000000000000007451e+07,-3.289886866304253532e-01,6.335139405820641167e-01
1.000000000000000000e+08,1.000000000000000000e+08,-4.041536813084974367e-01,5.647818688514483210e-01
1.000000000000000000e+08,1.200000000000000149e+08,-4.628950081991726750e-01,4.838831373661665047e-01
1.000000000000000000e+08,1.400000000000000298e+08,-5.024028106557864026e-01,3.955645530267916099e-01
1.000000000000000000e+08,1.600000000000000596e+08,-5.217240554072443137e-01,3.055104799808389671e-01
1.000000000000000000e+08,1.800000000000000596e+08,-5.220880789924333687e-01,2.193383101236889565e-01
1.000000000000000000e+08,2.000000000000000000e+08,-5.065862481985285992e-01,1.415780251345793439e-01
1.000000000000000000e+08,2.200000000000000298e+08,-4.793694199422230962e-01,7.504785469324939950e-02
1.000000000000000000e+08,2.400000000000000298e+08,-4.447397574389929664e-01,2.078485619446785587e-02
1.000000000000000000e+08,2.600000000000000596e+08,-4.064645049177015856e-01,-2.159768530617749496e-02
1.000000000000000000e+08,2.800000000000000596e+08,-3.674376323285487023e-01,-5.338082888988465724e-02
1.000000000000000000e+08,3.000000000000000000e+08,-3.296380171570604811e-01,-7.624964052007814075e-02
1.000000000000000000e+08,3.200000000000000000e+08,-2.942610284384215569e-01,-9.194200108364551649e-02
1.000000000000000000e+08,3.400000000000000596e+08,-2.619121134426861675e-01,-1.020458483302299213e-01
1.000000000000000000e+08,3.600000000000000596e+08,-2.327937882773040423e-01,-1.079104782279605018e-01
1.000000000000000000e+08,3.800000000000000596e+08,-2.068564375529349519e-01,-1.106294453422137919e-01
1.000000000000000000e+08,4.000000000000000000e+08,-1.839074648701371217e-01,-1.110609334002564952e-01
2.000000000000000000e+08,-8.000000000000000000e+08,2.452695152174358753e-02,-4.784192487904673913e-02
2.000000000000000000e+08,-7.600000000000000000e+08,2.845499136154193073e-02,-5.326332957931849410e-02
2.000000000000000000e+08,-7.200000000000000000e+08,3.330744655169076002e-02,-5.936564060093780376e-02
2.000000000000000000e+08,-6.800000000000000000e+08,3.935280506228275993e-02,-6.623847973654432841e-02
2.000000000000000000e+08,-6.400000000000000000e+08,4.695295011528176354e-02,-7.396960495026735916e-02
2.000000000000000000e+08,-6.000000000000000000e+08,5.660003911689660133e-02,-8.262968605414199030e-02
2.000000000000000000e+08,-5.600000000000000000e+08,6.896842355097863864e-02,-9.224163687263457756e-02
2.000000000000000000e+08,-5.199999999999999404e+08,8.498622640498829095e-02,-1.027207445743387737e-01
2.000000000000000000e+08,-4.800000000000000000e+08,1.059291152723161045e-01,-1.137599650787260580e-01
2.000000000000000000e+08,-4.400000000000000596e+08,1.335285726508845527e-01,-1.246137246448064256e-01
2.000000000000000000e+08,-4.000000000000000000e+08,1.700537146304767488e-01,-1.337000606215756615e-01
2.000000000000000000e+08,-3.599999999999999404e+08,2.182342865723130299e-01,-1.379023523317493005e-01
2.000000000000000000e+08,-3.199999999999999404e+08,2.806759142745202107e-01,-1.314666623686243929e-01
2.000000000000000000e+08,-2.800000000000000000e+08,3.580225452985859591e-01,-1.046815231100108323e-01
2.000000000000000000e+08,-2.399999999999999404e+08,4.448384672233099968e-01,-4.362836752464787499e-02
2.000000000000000000e+08,-2.000000000000000000e+08,5.236214148366723498e-01,6.551419318464565822e-02
2.000000000000000000e+08,-1.599999999999999702e+08,5.631833682851727918e-01,2.241494508076289915e-01
2.000000000000000000e+08,-1.199999999999999255e+08,5.323419251129780649e-01,4.083521681277557103e-01
2.000000000000000000e+08,-7.999999999999998510e+07,4.232808851698391384e-01,5.759405523042205877e-01
2.000000000000000000e+08,-3.999999999999994785e+07,2.557146104302325251e-01,6.922580511568466877e-01
2.000000000000000000e+08,0.000000000000000000e+00,5.807241544016455981e-02,7.425516909037122026e-01
2.000000000000000000e+08,4.000000000000003725e+07,-1.451241750472821168e-01,7.230892115491068806e-01
2.000000000000000000e+08,8.000000000000007451e+07,-3.289886866304253532e-01,6.335139405820641167e-01
2.000000000000000000e+08,1.200000000000001043e+08,-4.628950081991726750e-01,4.838831373661665047e-01
2.000000000000000000e+08,1.600000000000001490e+08,-5.217240554072443137e-01,3.055104799808389671e-01
2.000000000000000000e+08,2.000000000000000000e+08,-5.065862481985285992e-01,1.415780251345793439e-01
2.000000000000000000e+08,2.400000000000000298e+08,-4.447397574389929664e-01,2.078485619446785587e-02
2.000000000000000000e+08,2.800000000000000596e+08,-3.674376323285487023e-01,-5.338082888988465724e-02
2.000000000000000000e+08,3.200000000000001192e+08,-2.942610284384215569e-01,-9.194200108364551649e-02
2.000000000000000000e+08,3.600000000000001192e+08,-2.327937882773040423e-01,-1.079104782279605018e-01
2.000000000000000000e+08,4.000000000000000000e+08,-1.839074648701371217e-01,-1.110609334002564952e-01
2.000000000000000000e+08,4.400000000000000596e+08,-1.459009781334276723e-01,-1.075333697197174559e-01
2.000000000000000000e+08,4.800000000000000596e+08,-1.165375155737916057e-01,-1.008598868062230008e-01
2.000000000000000000e+08,5.200000000000001192e+08,-9.379964593556582020e-02,-9.297139032738657716e-02
2.000000000000000000e+08,5.600000000000001192e+08,-7.607531535697725777e-02,-8.488116943156734373e-02
2.000000000000000000e+08,6.000000000000000000e+08,-6.213855592986891607e-02,-7.709413295736719518e-02
2.000000000000000000e+08,6.400000000000000000e+08,-5.107538273388747413e-02,-6.983921374712852292e-02
2.000000000000000000e+08,6.800000000000001192e+08,-4.220824162785155598e-02,-6.319837533823012554e-02
2.000000000000000000e+08,7.200000000000001192e+08,-3.503399214353070112e-02,-5.717749833335732113e-02
2.000000000000000000e+08,7.600000000000001192e+08,-2.917691351479900774e-02,-5.174508208017463556e-02
2.000000000000000000e+08,8.000000000000000000e+08,-2.435428924413822818e-02,-4.685319619873914293e-02
