IDT_efficiency,P_source_W
1.000000000000000021e-02,3.374175033762015193e-04
1.172102297533480011e-02,2.878737667234744914e-04
1.373823795883262998e-02,2.456046433227399841e-04
1.610262027560939099e-02,2.095419860873743443e-04
1.887391822135097569e-02,1.787744862614168537e-04
2.212216291070449176e-02,1.525246445106557202e-04
2.592943797404666934e-02,1.301291233978653719e-04
3.039195382313197857e-02,1.110219847463000942e-04
3.562247890262442568e-02,9.472038829710496062e-05
4.175318936560400152e-02,8.081239026357201296e-05
4.893900918477493700e-02,6.894653344987888832e-05
5.736152510448678382e-02,5.882296587504939547e-05
6.723357536499334486e-02,5.018586346843089931e-05
7.880462815669912746e-02,4.281696535706803770e-05
9.236708571873861184e-02,3.653005838071485820e-05
1.082636733874054596e-01,3.116627145735237776e-05
1.268961003167922152e-01,2.659006088712333039e-05
1.487352107293511139e-01,2.268578514271175439e-05
1.743328822199988193e-01,1.935478259060723825e-05
2.043359717856941538e-01,1.651287829683175835e-05
2.395026619987485894e-01,1.408825691373587019e-05
2.807216203941176880e-01,1.201964789539494507e-05
3.290344562312667587e-01,1.025477718172599509e-05
3.856620421163472479e-01,8.749046225150899634e-06
4.520353656360243111e-01,7.464404978611512163e-06
5.298316906283707661e-01,6.368390365174844090e-06
6.210169418915616468e-01,5.433305931211122700e-06
7.278953843983150263e-01,4.635521952857469168e-06
8.531678524172805478e-01,3.954878309352567315e-06
1.000000000000000000e+00,3.374175033762015176e-06
