df_MHz,eta_shift_AO(acoustic Lorentzian),eta_shift_EO(flat drive)
0.000000000000000000e+00,9.834592761556122387e-01,9.959770877047153803e-01
2.000000000000000111e-01,9.809820309985282094e-01,9.959451827337743035e-01
4.000000000000000222e-01,9.671257498091040405e-01,9.959203026746715759e-01
5.999999999999999778e-01,9.316755169852890539e-01,9.958872621967029826e-01
8.000000000000000444e-01,8.731079816865674470e-01,9.958721769457093975e-01
1.000000000000000000e+00,7.982685912358755687e-01,9.958513953840932853e-01
1.500000000000000000e+00,5.983493306548699486e-01,9.957886989349794549e-01
2.000000000000000000e+00,4.364796702139759343e-01,9.957483012961945157e-01
3.000000000000000000e+00,2.436957630559243304e-01,9.956459150078893483e-01
5.000000000000000000e+00,9.976087035812918058e-02,9.955066810291514079e-01
