scenario,storage_time_s,efficiency,qubit_fidelity
"RT, SBS phonon (Γ/2π=11.9 MHz), n_th=768",1e-09,0.43934558909333704,0.5005096199844535
"RT, SBS phonon (Γ/2π=11.9 MHz), n_th=768",1.360752886424333e-09,0.42765331821039465,0.500485946750747
"RT, SBS phonon (Γ/2π=11.9 MHz), n_th=768",1.851648417912154e-09,0.41224121479857423,0.5004561778217835
"RT, SBS phonon (Γ/2π=11.9 MHz), n_th=768",2.5196359293170136e-09,0.3921573992767197,0.5004196458432091
"RT, SBS phonon (Γ/2π=11.9 MHz), n_th=768",3.4286018635565833e-09,0.36639060506529153,0.5003761613472887
"RT, SBS phonon (Γ/2π=11.9 MHz), n_th=768",4.665479882234468e-09,0.33402596822415115,0.5003263004869554
"RT, SBS phonon (Γ/2π=11.9 MHz), n_th=768",6.34856521630521e-09,0.29452815708910507,0.5002716373149737
"RT, SBS phonon (Γ/2π=11.9 MHz), n_th=768",8.638828442740436e-09,0.2481744296037196,0.5002147986893581
"RT, SBS phonon (Γ/2π=11.9 MHz), n_th=768",1.17553107387837e-08,0.1965885092040574,0.5001592428899987
"RT, SBS phonon (Γ/2π=11.9 MHz), n_th=768",1.599607301861488e-08,0.14316980379914312,0.5001087528116037
"RT, SBS phonon (Γ/2π=11.9 MHz), n_th=768",2.1766702531534592e-08,0.09299650795695304,0.5000667387408257
"RT, SBS phonon (Γ/2π=11.9 MHz), n_th=768",2.9619103297725535e-08,0.051699012619736966,0.5000354881630054
"RT, SBS phonon (Γ/2π=11.9 MHz), n_th=768",4.0304280305680504e-08,0.023254740683494927,0.5000154986912154
"RT, SBS phonon (Γ/2π=11.9 MHz), n_th=768",5.484416576121015e-08,0.00784097473543094,0.5000051447301181
"RT, SBS phonon (Γ/2π=11.9 MHz), n_th=768",7.46293568631013e-08,0.0017860853916087716,0.5000011648121344
"RT, SBS phonon (Γ/2π=11.9 MHz), n_th=768",1.0155211276345691e-07,0.00023859550412359354,0.5000001553617316
"RT, SBS phonon (Γ/2π=11.9 MHz), n_th=768",1.3818733056536336e-07,1.5418343028376365e-05,0.5000000100374337
"RT, SBS phonon (Γ/2π=11.9 MHz), n_th=768",1.8803880893409165e-07,3.7089643616998893e-07,0.5000000002414521
"RT, SBS phonon (Γ/2π=11.9 MHz), n_th=768",2.558743520168589e-07,2.3253388105322523e-09,0.5000000000015138
"RT, SBS phonon (Γ/2π=11.9 MHz), n_th=768",3.4818176306889663e-07,2.3391898766346932e-12,0.5000000000000014
"RT, SBS phonon (Γ/2π=11.9 MHz), n_th=768",4.7378933909631436e-07,1.9512661868843764e-16,0.5
"RT, SBS phonon (Γ/2π=11.9 MHz), n_th=768",6.44710210732387e-07,5.497270438348788e-22,0.5
"RT, SBS phonon (Γ/2π=11.9 MHz), n_th=768",8.772912801613356e-07,1.5407708357920128e-29,0.5
"RT, SBS phonon (Γ/2π=11.9 MHz), n_th=768",1.1937766417144358e-06,8.14283492643447e-40,0.5
"RT, SBS phonon (Γ/2π=11.9 MHz), n_th=768",1.6244350109588654e-06,8.440522966623506e-54,0.5
"RT, SBS phonon (Γ/2π=11.9 MHz), n_th=768",2.2104546299710194e-06,7.889475875425004e-73,0.5
"RT, SBS phonon (Γ/2π=11.9 MHz), n_th=768",3.0078825180430957e-06,1.0065709637558255e-98,0.5
"RT, SBS phonon (Γ/2π=11.9 MHz), n_th=768",4.0929848184524336e-06,5.85102424957448e-134,0.5
"RT, SBS phonon (Γ/2π=11.9 MHz), n_th=768",5.5695409058001245e-06,6.611050633896038e-182,0.5
"RT, SBS phonon (Γ/2π=11.9 MHz), n_th=768",7.57876886362593e-06,3.769678765293209e-247,0.5
"4 K, Γ from 0.7 dB/mm, n_th=9.9",1e-09,0.9945188062435553,0.9740580857733288
"4 K, Γ from 0.7 dB/mm, n_th=9.9",1.360752886424333e-09,0.9943395562717344,0.973250530329471
"4 K, Γ from 0.7 dB/mm, n_th=9.9",1.851648417912154e-09,0.9940956932466104,0.9721558235446188
"4 K, Γ from 0.7 dB/mm, n_th=9.9",2.5196359293170136e-09,0.9937639519916355,0.9706738795136124
"4 K, Γ from 0.7 dB/mm, n_th=9.9",3.4286018635565833e-09,0.993312711930138,0.9686714129151894
"4 K, Γ from 0.7 dB/mm, n_th=9.9",4.665479882234468e-09,0.992699014799027,0.9659723227266357
"4 K, Γ from 0.7 dB/mm, n_th=9.9",6.34856521630521e-09,0.991864533617815,0.9623464500809458
"4 K, Γ from 0.7 dB/mm, n_th=9.9",8.638828442740436e-09,0.9907301375460826,0.9574974577996708
"4 K, Γ from 0.7 dB/mm, n_th=9.9",1.17553107387837e-08,0.9891885884304219,0.951051667473567
"4 K, Γ from 0.7 dB/mm, n_th=9.9",1.599607301861488e-08,0.9870947729471353,0.9425514733749526
"4 K, Γ from 0.7 dB/mm, n_th=9.9",2.1766702531534592e-08,0.984252724319982,0.931459516510553
"4 K, Γ from 0.7 dB/mm, n_th=9.9",2.9619103297725535e-08,0.980398537180451,0.9171828021983816
"4 K, Γ from 0.7 dB/mm, n_th=9.9",4.0304280305680504e-08,0.9751781709431762,0.8991280594104433
"4 K, Γ from 0.7 dB/mm, n_th=9.9",5.484416576121015e-08,0.9681191616047239,0.8767979882526993
"4 K, Γ from 0.7 dB/mm, n_th=9.9",7.46293568631013e-08,0.9585955963204386,0.849928378480329
"4 K, Γ from 0.7 dB/mm, n_th=9.9",1.0155211276345691e-07,0.9457866760806785,0.8186453394040488
"4 K, Γ from 0.7 dB/mm, n_th=9.9",1.3818733056536336e-07,0.9286313675036032,0.7835939794479853
"4 K, Γ from 0.7 dB/mm, n_th=9.9",1.8803880893409165e-07,0.905785947025072,0.7459712811520627
"4 K, Γ from 0.7 dB/mm, n_th=9.9",2.558743520168589e-07,0.8755990175669806,0.7074108207302195
"4 K, Γ from 0.7 dB/mm, n_th=9.9",3.4818176306889663e-07,0.8361314466312033,0.6697251330322701
"4 K, Γ from 0.7 dB/mm, n_th=9.9",4.7378933909631436e-07,0.7852676623925342,0.6345853776076219
"4 K, Γ from 0.7 dB/mm, n_th=9.9",6.44710210732387e-07,0.7209877473505375,0.6032543725031602
"4 K, Γ from 0.7 dB/mm, n_th=9.9",8.772912801613356e-07,0.6418858354924175,0.5764582291476859
"4 K, Γ from 0.7 dB/mm, n_th=9.9",1.1937766417144358e-06,0.5479998867691276,0.5544089202190984
"4 K, Γ from 0.7 dB/mm, n_th=9.9",1.6244350109588654e-06,0.44190366413784987,0.5369282252203317
"4 K, Γ from 0.7 dB/mm, n_th=9.9",2.2104546299710194e-06,0.3297321886508578,0.5236033359220683
"4 K, Γ from 0.7 dB/mm, n_th=9.9",3.0078825180430957e-06,0.22137037134391993,0.5139184040507043
"4 K, Γ from 0.7 dB/mm, n_th=9.9",4.0929848184524336e-06,0.12872185638650102,0.5073306538006818
"4 K, Γ from 0.7 dB/mm, n_th=9.9",5.5695409058001245e-06,0.06155163922757814,0.5032811912331902
"4 K, Γ from 0.7 dB/mm, n_th=9.9",7.57876886362593e-06,0.022554705280177778,0.501159306482766
"20 mK, Γ from 0.7 dB/mm (assumed), n_th≈0",1e-09,0.9945188062435553,0.9999999999872562
"20 mK, Γ from 0.7 dB/mm (assumed), n_th≈0",1.360752886424333e-09,0.9943395562717344,0.999999999986837
"20 mK, Γ from 0.7 dB/mm (assumed), n_th≈0",1.851648417912154e-09,0.9940956932466104,0.9999999999862665
"20 mK, Γ from 0.7 dB/mm (assumed), n_th≈0",2.5196359293170136e-09,0.9937639519916355,0.9999999999854902
"20 mK, Γ from 0.7 dB/mm (assumed), n_th≈0",3.4286018635565833e-09,0.993312711930138,0.9999999999844331
"20 mK, Γ from 0.7 dB/mm (assumed), n_th≈0",4.665479882234468e-09,0.992699014799027,0.999999999982994
"20 mK, Γ from 0.7 dB/mm (assumed), n_th≈0",6.34856521630521e-09,0.991864533617815,0.9999999999810343
"20 mK, Γ from 0.7 dB/mm (assumed), n_th≈0",8.638828442740436e-09,0.9907301375460826,0.9999999999783651
"20 mK, Γ from 0.7 dB/mm (assumed), n_th≈0",1.17553107387837e-08,0.9891885884304219,0.9999999999747279
"20 mK, Γ from 0.7 dB/mm (assumed), n_th≈0",1.599607301861488e-08,0.9870947729471353,0.9999999999697695
"20 mK, Γ from 0.7 dB/mm (assumed), n_th≈0",2.1766702531534592e-08,0.984252724319982,0.9999999999630055
"20 mK, Γ from 0.7 dB/mm (assumed), n_th≈0",2.9619103297725535e-08,0.980398537180451,0.99999999995377
"20 mK, Γ from 0.7 dB/mm (assumed), n_th≈0",4.0304280305680504e-08,0.9751781709431762,0.9999999999411444
"20 mK, Γ from 0.7 dB/mm (assumed), n_th≈0",5.484416576121015e-08,0.9681191616047239,0.9999999999238555
"20 mK, Γ from 0.7 dB/mm (assumed), n_th≈0",7.46293568631013e-08,0.9585955963204386,0.9999999999001267
"20 mK, Γ from 0.7 dB/mm (assumed), n_th≈0",1.0155211276345691e-07,0.9457866760806785,0.9999999998674588
"20 mK, Γ from 0.7 dB/mm (assumed), n_th≈0",1.3818733056536336e-07,0.9286313675036032,0.9999999998222939
"20 mK, Γ from 0.7 dB/mm (assumed), n_th≈0",1.8803880893409165e-07,0.905785947025072,0.9999999997594926
"20 mK, Γ from 0.7 dB/mm (assumed), n_th≈0",2.558743520168589e-07,0.8755990175669806,0.9999999996714839
"20 mK, Γ from 0.7 dB/mm (assumed), n_th≈0",3.4818176306889663e-07,0.8361314466312033,0.9999999995468322
"20 mK, Γ from 0.7 dB/mm (assumed), n_th≈0",4.7378933909631436e-07,0.7852676623925342,0.9999999993677077
"20 mK, Γ from 0.7 dB/mm (assumed), n_th≈0",6.44710210732387e-07,0.7209877473505375,0.9999999991051844
"20 mK, Γ from 0.7 dB/mm (assumed), n_th≈0",8.772912801613356e-07,0.6418858354924175,0.9999999987099641
"20 mK, Γ from 0.7 dB/mm (assumed), n_th≈0",1.1937766417144358e-06,0.5479998867691276,0.9999999980928004
"20 mK, Γ from 0.7 dB/mm (assumed), n_th≈0",1.6244350109588654e-06,0.44190366413784987,0.9999999970797524
"20 mK, Γ from 0.7 dB/mm (assumed), n_th≈0",2.2104546299710194e-06,0.3297321886508578,0.999999995299705
"20 mK, Γ from 0.7 dB/mm (assumed), n_th≈0",3.0078825180430957e-06,0.22137037134391993,0.9999999918670232
"20 mK, Γ from 0.7 dB/mm (assumed), n_th≈0",4.0929848184524336e-06,0.12872185638650102,0.9999999843489809
"20 mK, Γ from 0.7 dB/mm (assumed), n_th≈0",5.5695409058001245e-06,0.06155163922757814,0.9999999647459646
"20 mK, Γ from 0.7 dB/mm (assumed), n_th≈0",7.57876886362593e-06,0.022554705280177778,0.9999998997940922
