N_bins,Delta_Tw_over_2pi,Tw_s,mean_target_efficiency,mean_selectivity
2,2,2e-10,0.9802997390082252,0.9810348204114305
2,4,4e-10,0.9950845335001666,0.9951317895476963
2,8,8e-10,0.9987544756665945,0.9987575280607732
2,16,1.6e-09,0.9996687191886175,0.9996689328110213
2,32,3.2e-09,0.999890663635933,0.9998906845187001
2,64,6.4e-09,0.9999200811786572,0.9999200863582869
2,128,1.28e-08,0.999823191914883,0.9998231963544513
4,2,2e-10,0.9757877770297781,0.9766813845075998
4,4,4e-10,0.993912366227041,0.9939698562009295
4,8,8e-10,0.998414755106368,0.9984185068870897
4,16,1.6e-09,0.9995305233853856,0.9995308000139446
4,32,3.2e-09,0.999776784127377,0.9997768188438292
4,64,6.4e-09,0.9997080507588392,0.9997080666753654
4,128,1.28e-08,0.9991698793444515,0.9991699203267375
8,2,2e-10,0.9746008653340815,0.9755137302560838
8,4,4e-10,0.99352356965035,0.9935824868095972
8,8,8e-10,0.9982155026384277,0.9982194388590633
8,16,1.6e-09,0.9993523785408616,0.9993527045879356
8,32,3.2e-09,0.9994996882771132,0.9994997530441899
8,64,6.4e-09,0.9989895549903755,0.9989896304675713
8,128,1.28e-08,0.9966774984636348,0.996678030871315
