case,dw_Hz,V_peak,P_RF_W,eta_abs,eta_shift,p_carrier,p_2nd
A_nonsuspended_Ni2026,60000000.0,0.055420799999999985,3.071465072639998e-05,0.07070053759604582,0.15525079213772752,0.3830426157686919,0.0002539053239626298
A_nonsuspended_Ni2026,120000000.0,0.11084159999999997,0.00012285860290559992,0.24401191387878485,0.4937714042819924,0.24371495565847368,0.0012337044757520972
A_nonsuspended_Ni2026,180000000.0,0.16626239999999995,0.00027643185653759985,0.43155641605250117,0.7831775697845841,0.1061265555271883,0.0036959524388834146
A_nonsuspended_Ni2026,240000000.0,0.22168319999999994,0.0004914344116223997,0.5683879504425762,0.9257122331453274,0.02467746232826266,0.007708378546160918
A_nonsuspended_Ni2026,300000000.0,0.2771039999999999,0.0007678662681599995,0.6361028421122563,0.9433388112714186,0.010026829721039854,0.012726258638984276
A_nonsuspended_Ni2026,360000000.0,0.3325247999999999,0.0011057274261503994,0.6460995317909725,0.8881119244469884,0.046828125028513926,0.018044560720485246
A_nonsuspended_Ni2026,420000000.0,0.3879455999999999,0.001505017885593599,0.618330191330523,0.8006596683821509,0.11397817841625241,0.023116852974468853
A_nonsuspended_Ni2026,479999999.99999994,0.4433663999999998,0.0019657376464895984,0.5701887012971023,0.704758169618792,0.19443223157972062,0.027630790282453094
A_nonsuspended_Ni2026,539999999.9999999,0.4987871999999998,0.002487886708838398,0.5136305086194566,0.6122505086309911,0.27718041430780166,0.03145933831206828
A_nonsuspended_Ni2026,599999999.9999999,0.5542079999999998,0.003071465072639998,0.45583341791160115,0.5281424274822024,0.35610700299604314,0.03458890895595311
A_nonsuspended_Ni2026,659999999.9999999,0.6096287999999997,0.003716472737894397,0.40066147751604964,0.4539243266803421,0.4283197242381627,0.0370636756375054
A_nonsuspended_Ni2026,720000000.0,0.6650495999999998,0.004422909704601598,0.34993130002478195,0.3894307519294939,0.49281799819586286,0.038951201502648254
A_nonsuspended_Ni2026,780000000.0,0.7204703999999998,0.005190775972761598,0.30428558870573974,0.33380540365440337,0.5496166345952005,0.04032395622982165
A_nonsuspended_Ni2026,840000000.0,0.7758911999999998,0.006020071542374396,0.26373683091737266,0.28597567837342974,0.5992223746921164,0.041250577314267345
A_nonsuspended_Ni2026,900000000.0,0.8313119999999998,0.006910796413439997,0.2279862251769206,0.2448722826671392,0.6423404532323271,0.04179249835282053
B_suspended_Shao2019,320000000.0,0.015054634666666662,2.2664202494680163e-06,0.06999777216459074,0.15933799423526426,0.36571585281992947,7.334296831863143e-05
B_suspended_Shao2019,640000000.0,0.030109269333333324,9.065680997872065e-06,0.23699649130066364,0.4904370495901082,0.23371335048514263,0.001080665182918177
B_suspended_Shao2019,959999999.9999999,0.045163903999999984,2.0397782245212146e-05,0.41453350394254584,0.7639447703245694,0.10361193184033628,0.004435373702332224
B_suspended_Shao2019,1280000000.0,0.06021853866666665,3.626272399148826e-05,0.5400494923108209,0.8911078453157486,0.028749182062808198,0.010568127128461719
B_suspended_Shao2019,1599999999.9999998,0.0752731733333333,5.6660506236700396e-05,0.5968702776989199,0.8963792104226828,0.019591524523181494,0.01869877188316554
B_suspended_Shao2019,1919999999.9999998,0.09032780799999997,8.159112898084858e-05,0.5973033472672495,0.8313207102801792,0.06088687293787099,0.02759543399242399
B_suspended_Shao2019,2239999999.9999995,0.10538244266666663,0.00011105459222393279,0.561631155266531,0.7360309248762651,0.1316241465567649,0.03621501413988057
B_suspended_Shao2019,2559999999.9999995,0.12043707733333328,0.00014505089596595302,0.5072588076293173,0.6340453522987538,0.21480473114509607,0.043909952002496644
B_suspended_Shao2019,2879999999.9999995,0.13549171199999993,0.00018358004020690925,0.4460083096963328,0.5370517171982738,0.29944429220492436,0.05037782623244446
B_suspended_Shao2019,3199999999.999999,0.15054634666666658,0.00022664202494680153,0.38487681004571667,0.44989105548675745,0.37945176340331505,0.05554336438665308
B_suspended_Shao2019,3519999999.9999995,0.16560098133333329,0.00027423685018563,0.3275483072316972,0.3738761549216936,0.4519642060168159,0.05945751144492112
B_suspended_Shao2019,3839999999.9999995,0.18065561599999994,0.00032636451592339433,0.27567988360842033,0.30866952960405547,0.5160135472717092,0.06223136931035311
B_suspended_Shao2019,4159999999.9999995,0.1957102506666666,0.0003830250221600948,0.22978085782330987,0.2532621358501209,0.5716472966404988,0.0639988678869262
B_suspended_Shao2019,4479999999.999999,0.21076488533333326,0.00044421836889573115,0.1897554487294887,0.206453137598986,0.6194029547806705,0.06489816200415338
B_suspended_Shao2019,4800000000.0,0.22581951999999994,0.0005099445561303037,0.15521795811642505,0.1670689174551783,0.6600137979741587,0.06506391241505234
