dphi_rad,p+1,p0,p-1,p-3,p+3,V_nofilter,V_20dBfilter
0.01,6.249960937601724e-06,9.875482213681598e-39,2.6956730755585903e-38,6.781662835084805e-18,3.728053407024576e-39,0.999999999998915,0.9999999999999891
0.030033444816053516,5.637230984894355e-05,8.696233566558333e-38,1.61867671970215e-37,4.976868885755262e-15,3.6014020904979514e-38,0.9999999999117143,0.999999999999117
0.05006688963210703,0.00015664379647309064,2.427857588792425e-37,5.55510664648631e-37,1.0680884116091921e-13,8.838004457286011e-38,0.9999999993181419,0.9999999999931813
0.07010033444816054,0.00030703423972963163,4.146762798187476e-37,8.306548035248103e-37,8.046210656177881e-13,1.532394959452475e-37,0.9999999973793767,0.9999999999737939
0.09013377926421405,0.0005074983735236731,7.0516840955160185e-37,1.8780027800936653e-36,3.6354048243688224e-12,2.7908127971591694e-37,0.9999999928366179,0.9999999999283662
0.11016722408026756,0.0007579758609381267,1.1146762875051233e-36,2.161059951791676e-36,1.2119571632628723e-11,4.689339930597428e-37,0.9999999840106103,0.9999999998401061
0.1302006688963211,0.0010583913131508435,1.5817764407628118e-36,2.6555643975698628e-36,3.3020737375389114e-11,6.288583069454768e-37,0.9999999688010134,0.9999999996880101
0.1502341137123746,0.0014086543130703893,2.1692936609016855e-36,4.6536138351858626e-36,7.791885800439289e-11,4.55863574892879e-37,0.9999999446856099,0.9999999994468561
0.17026755852842812,0.0018086594436827273,2.6916025925034943e-36,7.260094095557936e-36,1.6509561101992532e-10,6.499915783044603e-37,0.9999999087193568,0.9999999990871935
0.19030100334448163,0.00225828632109949,3.040108582830122e-36,9.414590968023705e-36,3.217306970059901e-10,8.641701376439778e-37,0.9999998575332755,0.9999999985753325
0.21033444816053515,0.0027573996322970543,4.0018962165008227e-36,8.735925585570792e-36,5.864075162061122e-10,1.3102915924549013e-36,0.9999997873331831,0.9999999978733314
0.23036789297658866,0.0033058491775340027,4.59945147917413e-36,9.70386525688935e-36,1.0119264566295275e-09,1.3747828503837679e-36,0.9999996938982633,0.9999999969389817
0.2504013377926422,0.0039034699174331096,5.7941946085265964e-36,1.062299413763689e-35,1.6684238125772335e-09,1.790381805309025e-36,0.9999995725794745,0.999999995725793
0.2704347826086957,0.004550082024712402,6.764634333515433e-36,1.2367760130200176e-35,2.6467941358847044e-09,2.3084310532643095e-36,0.9999994182977977,0.9999999941829747
0.2904682274247492,0.005245490940548356,7.421258470192387e-36,1.7365504487200144e-35,4.0624136066998525e-09,2.5656478513714543e-36,0.9999992255423201,0.9999999922554174
0.3105016722408027,0.005989487435552741,8.489168883533813e-36,2.0008172490705864e-35,6.0591617963693225e-09,2.991582910116295e-36,0.9999989883681563,0.9999999898836713
0.33053511705685623,0.006781847675343182,9.744078127427072e-36,2.9295337580300814e-35,8.8137389820901e-09,2.6563190880334308e-36,0.9999987003942026,0.9999999870039253
0.35056856187290975,0.007622333290685862,1.1006901082717032e-35,2.8286050996798625e-35,1.254027596151916e-08,3.328128348514169e-36,0.9999983548007279,0.9999999835479805
0.37060200668896326,0.008510691452187516,1.2654164125549387e-35,3.4729070036738973e-35,1.7495233105616304e-08,3.779311835884071e-36,0.9999979443267957,0.9999999794432262
0.3906354515050168,0.00944665494951211,1.4433148567152252e-35,3.138150697631782e-35,2.3982585179746592e-08,4.673846545791749e-36,0.999997461267519,0.9999999746126115
0.4106688963210703,0.010429942275096383,1.4930144119256743e-35,3.7739206275122964e-35,3.235928825657802e-08,6.049018674403466e-36,0.999996897471145,0.9999999689746162
0.4307023411371238,0.011460257712336696,1.6255846994732354e-35,3.956444296716544e-35,4.304102483969049e-08,5.3547109271563566e-36,0.9999962443359683,0.9999999624432201
0.4507357859531773,0.01253729142821847,1.9529613043645785e-35,3.9338708222314833e-35,5.650822311419379e-08,5.303983868833773e-36,0.9999954928070732,0.9999999549278695
0.47076923076923083,0.013660719570357686,2.0168160731306748e-35,3.780067853804755e-35,7.331234604007662e-08,8.617609394787819e-36,0.9999946333729005,0.9999999463334438
0.49080267558528434,0.014830204368422849,2.1480127437455178e-35,4.060328528860027e-35,9.408244580564491e-08,6.087786403438526e-36,0.9999936560616387,0.9999999365602179
0.5108361204013379,0.016045394239904028,2.3369201571551384e-35,4.3191399452165364e-35,1.1953197896234485e-07,7.773960812884395e-36,0.999992550437439,0.999999925503825
0.5308695652173914,0.01730592390019456,2.5021222158125485e-35,4.534557386104299e-35,1.5046587736852262e-07,1.1347091172086352e-35,0.9999913055964493,0.9999999130552161
0.5509030100334449,0.01861141447694908,2.550413268591319e-35,5.374306450389742e-35,1.87787869878534e-07,1.01972466669235e-35,0.9999899101626686,0.9999998991006188
0.5709364548494984,0.019961473628680795,2.818004102793379e-35,6.405465319235462e-35,2.325080495249123e-07,1.0721616166240274e-35,0.9999883522836167,0.9999998835214932
0.5909698996655519,0.021355695667558825,2.999628056360646e-35,8.12324093974413e-35,2.857506807554755e-07,9.672918755062152e-36,0.9999866196258198,0.9999998661944857
0.6110033444816054,0.022793661686365672,3.7256441736955526e-35,8.002928967145246e-35,3.487622411039661e-07,1.1333386479477236e-35,0.9999846993701078,0.9999998469913833
0.6310367892976589,0.024274939689573206,3.639124062648975e-35,1.0095802352654135e-34,4.229196914926571e-07,1.0379520203714883e-35,0.9999825782067228,0.9999998257790623
0.6510702341137125,0.025799084728494192,4.0595087215723887e-35,9.836811431493821e-35,5.097389691879945e-07,1.1651103468954887e-35,0.9999802423302339,0.9999998024194376
0.671103678929766,0.027365639040465163,4.0941609395732185e-35,1.1132746036182808e-34,6.108836972560977e-07,1.0095258240064451e-35,0.999977677434259,0.9999997767694093
0.6911371237458195,0.028974132192015247,4.2504872227064477e-35,1.2170559603430674e-34,7.281741041938373e-07,1.2087577747400214e-35,0.9999748687059891,0.999999748680807
0.711170568561873,0.03062408122597394,4.5846462214850203e-35,1.1938989710991195e-34,8.635961472434615e-07,1.23328783279721e-35,0.9999718008205112,0.9999997180003325
0.7312040133779265,0.032314990812469704,4.155248807632956e-35,1.1641428596113462e-34,1.0193108327340187e-06,1.4185091095287115e-35,0.9999684579349309,0.9999996845694996
0.75123745819398,0.03404635340377019,5.14022039114238e-35,1.3528099311208225e-34,1.197663726632012e-06,1.7801706297792316e-35,0.9999648236822883,0.9999996482245725
0.7712709030100335,0.03581764939291323,5.347037083428064e-35,1.411658991717669e-34,1.4011946483258372e-06,1.5357457063966926e-35,0.9999608811652646,0.9999996087965023
0.791304347826087,0.03762834727607697,5.874986182763367e-35,1.3812562429138277e-34,1.6326475405147622e-06,1.7801808817016215e-35,0.99995661294968,0.9999995661108598
0.8113377926421406,0.03947790381863574,5.86603808339052e-35,1.44055393284661e-34,1.8949805079228212e-06,2.0857278264573552e-35,0.9999520010577734,0.999999519987768
0.8313712374581941,0.041365764224847744,5.723739235286064e-35,1.3547787604115942e-34,2.191376017411289e-06,1.6057618064600315e-35,0.999947026961267,0.9999994702418304
0.8514046822742476,0.04329136231111889,6.414286389199114e-35,1.3601610856281182e-34,2.525251251920901e-06,2.240280938343994e-35,0.9999416715742077,0.9999994166820583
0.8714381270903011,0.04525412068278614,6.01089619047589e-35,1.3481788249069014e-34,2.900268610535832e-06,2.9005915443418964e-35,0.9999359152455848,0.9999993591117953
0.8914715719063546,0.0472534509143628,6.566208956615817e-35,1.4619483002737291e-34,3.320346346826853e-06,2.83172113443632e-35,0.9999297377517185,0.9999992973286397
0.9115050167224081,0.049288753733186697,7.024935221749987e-35,1.4691787866067137e-34,3.789669337500103e-06,2.8108587333773414e-35,0.9999231182884167,0.9999992311243628
0.9315384615384616,0.05135941920641123,7.212406046293807e-35,1.3407465013929238e-34,4.3126999732512825e-06,3.8001317930895085e-35,0.9999160354628951,0.9999991602848277
0.9515719063545152,0.05346482693127851,7.878279538309294e-35,1.3509519967259155e-34,4.894189163602585e-06,3.033538929058569e-35,0.9999084672854576,0.9999990845899025
0.9716053511705687,0.05560434622861212,8.515411022471309e-35,1.5276809557584447e-34,5.539187447381538e-06,3.2500801189427033e-35,0.9999003911609324,0.9999990038133727
0.9916387959866222,0.0577773363394666,8.468344240466528e-35,1.5641824383287307e-34,6.253056200386774e-06,2.4302118841006235e-35,0.999891783879861,0.99999891772285
1.0116722408026757,0.059983146624869386,8.65263647667358e-35,1.485423161943032e-34,7.041478931676638e-06,2.870924913715939e-35,0.9998826216094313,0.9999988260796794
1.0317056856187292,0.06222111676858991,8.870601434369961e-35,1.4342565583764158e-34,7.910472659811217e-06,2.951480493025522e-35,0.9998728798841571,0.9999987286388421
1.0517391304347827,0.06449057698286985,9.272367145824125e-35,1.6030344094523237e-34,8.86639936027769e-06,2.7743723524526424e-35,0.9998625335962942,0.9999986251488571
1.0717725752508362,0.06679084821704766,9.116207013291948e-35,1.6359210175926867e-34,9.915977475233691e-06,3.933368892463173e-35,0.9998515569859887,0.9999985153516782
1.0918060200668898,0.06912124236900848,1.0188369851879942e-34,2.1486027752802535e-34,1.1066293476610906e-05,4.001442609555183e-35,0.9998399236311568,0.9999983989825894
1.1118394648829433,0.07148106249939193,9.448722554792154e-35,2.215627865020415e-34,1.2324813473535638e-05,1.9651505392695787e-35,0.9998276064370851,0.9999982757700971
1.1318729096989968,0.07386960304848626,9.545540077423875e-35,2.117650141298919e-34,1.3699394854940191e-05,2.716279207653844e-35,0.9998145776257518,0.9999981454358187
1.1519063545150503,0.07628615005573978,1.0727696324233322e-34,2.1602439029574695e-34,1.5198297958162714e-05,3.9467703954124867e-35,0.9998008087248587,0.9999980076943672
1.1719397993311038,0.0787299813818167,1.1303716363778533e-34,2.6929590922934496e-34,1.6830197754259748e-05,3.705847081350578e-35,0.9997862705565734,0.9999978622532353
1.1919732441471573,0.08120036693312635,1.2810241210783365e-34,3.2414501594995864e-34,1.8604195540689703e-05,2.7588568770696344e-35,0.9997709332259707,0.9999977088126731
1.2120066889632108,0.08369656888875109,1.2130412470065374e-34,3.3550351871737386e-34,2.0529830631961565e-05,3.8927839235746787e-35,0.9997547661091728,0.9999975470655645
1.2320401337792644,0.08621784192970088,1.1222839138038006e-34,3.138969550862704e-34,2.2617092038786525e-05,5.307852610438021e-35,0.9997377378411783,0.9999973766972986
1.2520735785953179,0.0887634334704182,1.184263297585151e-34,3.2934431740677324e-34,2.4876430126217315e-05,3.2177739034676895e-35,0.9997198163033753,0.9999971973856393
1.2721070234113714,0.09133258389245916,1.218558402846335e-34,3.5642772378682556e-34,2.731876824121288e-05,4.761553949136904e-35,0.9997009686107344,0.9999970088005895
1.292140468227425,0.09392452678027385,1.2398358519101078e-34,3.720591600839232e-34,2.995551430002289e-05,4.520573878119684e-35,0.9996811610986712,0.9999968106042523
1.3121739130434784,0.09653848915901055,1.477794578433379e-34,3.7054757990482354e-34,3.279857232574989e-05,3.93218688474947e-35,0.9996603593095748,0.9999966024506891
1.332207357859532,0.0991736917342647,1.3390412662608181e-34,3.7763021846956833e-34,3.586035392641459e-05,7.71255876383301e-35,0.9996385279789941,0.9999963839857728
1.3522408026755854,0.10182934913369644,1.3637162069613398e-34,4.178018501767867e-34,3.9153789703822174e-05,4.223198851066061e-35,0.9996156310214769,0.9999961548470367
1.372274247491639,0.10450467015043712,1.485527068402521e-34,3.629783678940424e-34,4.269234058350653e-05,5.089239186147481e-35,0.9995916315160513,0.9999959146635211
1.3923076923076925,0.10719885798820607,1.4657176594786912e-34,4.6425318496984594e-34,4.6490009056011655e-05,4.390281859308916e-35,0.9995664916913456,0.999995663055613
1.412341137123746,0.10991111050805782,1.6487763663349566e-34,4.069883663990214e-34,5.056135031975892e-05,6.384707946108093e-35,0.9995401729103361,0.9999953996348846
1.4323745819397995,0.11264062047668033,1.6598055909043926e-34,4.5394074669541146e-34,5.4921483315742176e-05,4.5248712738083944e-35,0.999512635654719,0.9999951240039244
1.452408026755853,0.11538657581616263,1.588533302906697e-34,4.22311812922331e-34,5.958610164429099e-05,5.561392513076888e-35,0.9994838395088937,0.9999948357561661
1.4724414715719065,0.11814815985515173,1.673881020914725e-34,4.60946610644104e-34,6.457148435414891e-05,5.797463901086059e-35,0.9994537431435536,0.9999945344757112
1.49247491638796,0.12092455158131679,1.8462305031554094e-34,4.072117821325977e-34,6.989450659411997e-05,6.021379770602157e-35,0.9994223042988745,0.9999942197371481
1.5125083612040136,0.12371492589503916,1.8234972748431035e-34,4.179840632030391e-34,7.557265011755425e-05,7.126118700943762e-35,0.999389479767291,0.9999938911053652
1.532541806020067,0.12651845386424526,1.8372541750997687e-34,5.166584348572998e-34,8.162401362996242e-05,5.701836670335251e-35,0.9993552253758542,0.9999935481353599
1.5525752508361206,0.12933430298030094,1.7036238300168003e-34,5.044641469240523e-34,8.806732297007345e-05,8.905003627488651e-35,0.9993194959681607,0.999993190372042
1.572608695652174,0.13216163741488368,1.7341770229740603e-34,4.96848296315556e-34,9.492194111468341e-05,6.148842947339318e-35,0.9992822453858442,0.9999928173500322
1.5926421404682276,0.13499961827774895,1.996023474779103e-34,5.882627615066047e-34,0.00010220787799767468,8.292784696468131e-35,0.9992434264496196,0.9999924285934536
1.6126755852842811,0.13784740387530903,1.8747625364757866e-34,5.996663563247882e-34,0.0001099458001336321,8.998213208983853e-35,0.9992029909398709,0.9999920236157206
1.6327090301003346,0.14070414996993863,1.8939542845092467e-34,4.807201923832122e-34,0.00011815704003652283,9.99474301033215e-35,0.9991608895767723,0.9999916019193198
1.6527424749163881,0.14356901003992498,2.0591848198421777e-34,5.071106733988029e-34,0.00012686360542396338,1.0419852093586472e-34,0.999117071999934,0.999991162995585
1.6727759197324417,0.14644113553997778,2.0174526743246138e-34,5.1163034323176165e-34,0.000136088188197652,8.823016580307753e-35,0.9990714867475592,0.9999907063244677
1.6928093645484952,0.14931967616221448,2.0935869403675245e-34,4.917936813056839e-34,0.00014585417319060742,9.907411646253147e-35,0.9990240812351061,0.9999902313742997
1.7128428093645487,0.1522037800975377,2.0386227371510263e-34,4.941659510779142e-34,0.00015618564667192267,9.99999137077499e-35,0.99897480173344,0.9999897376015513
1.7328762541806022,0.15509259429731903,2.001031762211386e-34,5.273174968774537e-34,0.00016710740459981432,8.492882110573318e-35,0.998923593346467,0.9999892244505804
1.7529096989966557,0.15798526473530594,2.217805520857795e-34,4.746805464345203e-34,0.00017864496061382787,1.1367748034172516e-34,0.9988703999882368,0.9999886913533774
1.7729431438127092,0.1608809366696671,2.2614463890669603e-34,5.0796828329556675e-34,0.00019082455375713975,6.401729509695172e-35,0.9988151643595048,0.9999881377293023
1.7929765886287627,0.16377875490509083,2.2307153118566246e-34,4.557173532388357e-34,0.0002036731559199885,1.2669167837275114e-34,0.9987578279237375,0.9999875629848135
1.8130100334448163,0.16667786405485335,2.372754143687527e-34,5.34460640637137e-34,0.0002172184789953559,1.2981058012363747e-34,0.9986983308825541,0.9999869665131912
1.8330434782608698,0.1695774088027719,2.479619811108947e-34,5.371908435193423e-34,0.0002314889817381226,9.281003709012643e-35,0.9986366121505891,0.999986347694252
1.8530769230769233,0.17247653416495817,2.267915773277817e-34,5.271649267988027e-34,0.00024651387631902284,1.0498144436329595e-34,0.9985726093297627,0.9999857058940569
1.8731103678929768,0.17537438575128897,2.5150606975853547e-34,6.201499666541725e-34,0.00026232313456483146,1.2603215316462005e-34,0.998506258682948,0.9999850404646102
1.8931438127090303,0.1782701100265081,2.3192954937385747e-34,4.780940918815508e-34,0.00027894749387633174,1.2612980745298147e-34,0.9984374951070196,0.9999843507435509
1.9131772575250838,0.18116285457087805,2.172532298875547e-34,5.607023460552706e-34,0.00029641846281572694,1.0616280714292191e-34,0.9983662521052725,0.9999836360538358
1.9332107023411373,0.18405176834029524,2.5886900110748537e-34,4.953060785965254e-34,0.00031476832635528784,1.366300398109302e-34,0.9982924617591938,0.9999828957034138
1.9532441471571909,0.18693600192578783,2.464872984260984e-34,5.360272561962022e-34,0.00033403015077914923,1.091391798974505e-34,0.9982160546995771,0.9999821289848915
1.9732775919732444,0.18981470781231016,2.5325352394012978e-34,5.921347253053791e-34,0.00035423778823030566,1.3189852813133666e-34,0.998136960076961,0.999981335175189
1.9933110367892979,0.192687040636754,2.509653619074067e-34,5.138283025837845e-34,0.0003754258808949953,1.2412268698113687e-34,0.9980551055313809,0.9999805135351874
2.013344481605351,0.19555215744509075,2.4942742222293256e-34,5.305821323624255e-34,0.0003976298648167969,1.2658282082866363e-34,0.9979704171614152,0.9999796633093658
2.0333779264214047,0.19840921794856545,2.710443680276974e-34,5.254093575438996e-34,0.000420885973332919,9.171845989720846e-35,0.9978828194925128,0.999978783725429
2.053411371237458,0.2012573847788571,2.840604064318716e-34,5.6024313352784106e-34,0.0004452312401253061,1.2472898030616034e-34,0.9977922354445844,0.999977873993924
2.0734448160535117,0.20409582374212742,2.6591549582117628e-34,4.923556289050386e-34,0.00047070350187934515,1.4422045026467168e-34,0.9976985862988434,0.9999769333078471
2.0934782608695652,0.20692370407187394,2.7605244984639868e-34,6.0919298397971125e-34,0.0004973414005431157,1.4589545140176797e-34,0.9976017916638769,0.9999759608422394
2.1135117056856187,0.2097401986805088,2.7833221783579103e-34,5.231595374707295e-34,0.0005251843851802929,1.3670195696434771e-34,0.9975017694409338,0.999974955753771
2.1335451505016723,0.21254448440958126,2.955184751089748e-34,5.78005833987707e-34,0.0005542727134099748,1.603021073544321e-34,0.9973984357884079,0.9999739171803151
2.1535785953177258,0.21533574227856556,2.9086343328909247e-34,5.317775415273939e-34,0.000584647452426893,1.5356187425323276e-34,0.9972917050855032,0.9999728442405078
2.1736120401337793,0.2181131577321341,2.9062378299955207e-34,6.30800561545684e-34,0.0006163504795956215,1.2448586103614424e-34,0.9971814898950601,0.9999717360332976
2.193645484949833,0.22087592088583774,3.048225547889981e-34,5.6643725595647965e-34,0.0006494244826126069,1.6892659896297941e-34,0.9970677009255245,0.9999705916374823
2.2136789297658863,0.2236232267701145,3.2877155733454913e-34,5.436895551430895e-34,0.0006839129592300021,1.6912362267409915e-34,0.9969502469920439,0.9999694101112312
2.23371237458194,0.22635427557255006,3.005381935754022e-34,5.351276934390164e-34,0.000719860216535495,1.6130597996430296e-34,0.9968290349766662,0.9999681904915966
2.2537458193979933,0.22906827287831183,2.851254078892547e-34,5.619750442141958e-34,0.0007573113697825043,1.4950571980279513e-34,0.9967039697876277,0.9999669317940083
2.273779264214047,0.23176442990868204,3.200149099364085e-34,5.081045807469973e-34,0.0007963123407653225,2.04631896005503e-34,0.9965749543177046,0.9999656330117573
2.2938127090301004,0.23444196375761278,2.8978828714939473e-34,5.571991058366015e-34,0.0008369098557339765,1.5056749109122393e-34,0.996441889401613,0.9999642931154622
2.313846153846154,0.23710009762622902,2.9993353647351273e-34,5.189740662570714e-34,0.0008791514428437875,1.486579078629063e-34,0.9963046737724323,0.9999629110525216
2.3338795986622074,0.2397380610552048,3.2795420781463504e-34,6.1115784060428114e-34,0.000923085429134817,2.0811008728687214e-34,0.996163204017034,0.9999614857465507
2.353913043478261,0.24235509015493997,3.1173668624494516e-34,6.077604961892982e-34,0.0009687609370366029,1.5863452563085429e-34,0.9960173745304925,0.9999600160968027
2.3739464882943144,0.24495042783346474,3.2114777722386303e-34,5.339564775351025e-34,0.0010162278803937904,2.186423886885433e-34,0.9958670774694581,0.9999585009775723
2.393979933110368,0.2475233240219988,3.1961296305115827e-34,5.945101563008228e-34,0.0010655369600085054,1.7323012955415214e-34,0.995712202704467,0.9999569392375822
2.4140133779264215,0.25007303589809643,3.3128005292167577e-34,5.039600725116846e-34,0.0011167396586955042,2.285946997215098e-34,0.9955526377711693,0.999955329699354
2.434046822742475,0.2525988281063051,3.1539779681349722e-34,5.351521153860231e-34,0.0011698882358463984,1.8129869007582628e-34,0.9953882678204478,0.9999536711585577
2.4540802675585285,0.2550999729762706,3.508480695035726e-34,7.015615241713474e-34,0.001225035721499445,1.4522115253211969e-34,0.9952189755674091,0.9999519623833454
2.474113712374582,0.25757575073821737,3.1074288843794545e-34,5.829292472470324e-34,0.0012822359099116472,2.3843854805834964e-34,0.9950446412392181,0.9999502021136638
2.4941471571906355,0.26002544973573943,3.388402668743201e-34,5.945527035343974e-34,0.0013415433526301301,1.6095404187391501e-34,0.9948651425217553,0.9999483890605473
2.514180602006689,0.2624483666358339,3.6287193938728226e-34,6.2555266904404204e-34,0.00140301335106,1.3101996136259163e-34,0.9946803545050718,0.9999465219053907
2.5342140468227425,0.26484380663611096,3.6080013239869283e-34,6.431644785643231e-34,0.001466701948526131,1.767026360085214e-34,0.9944901496276141,0.9999445992991999
2.554247491638796,0.2672110836691175,3.3351138880749145e-34,5.842522901884644e-34,0.0015326659218265553,2.2978252505923406e-34,0.9942943976191974,0.9999426198618215
2.5742809364548496,0.2695495206037088,3.3588571313364624e-34,7.79814940019375e-34,0.0016009627722753982,1.4663944595233048e-34,0.9940929654426999,0.9999405821811489
2.594314381270903,0.27185844944340715,3.533690418814749e-34,7.057863282149178e-34,0.0016716507162335256,2.4390473939008964e-34,0.9938857172344515,0.9999384848123051
2.6143478260869566,0.2741372115216842,3.372813204600844e-34,7.003499745564385e-34,0.0017447886751253158,1.7990052415896455e-34,0.9936725142432892,0.9999363262768021
2.63438127090301,0.2763851576941092,3.5999240150988706e-34,7.5634037787700705e-34,0.0018204362649402504,2.0128688128039992e-34,0.993453214768258,0.9999341050616737
2.6544147157190636,0.2786016485273007,3.057387001816327e-34,8.966949357875393e-34,0.0018986537852182163,2.431662363742021e-34,0.9932276740949224,0.9999318196185837
2.674448160535117,0.28078605448462496,3.4146002813280535e-34,6.3893368062880665e-34,0.001979502207517726,2.555592009424019e-34,0.9929957444302671,0.9999294683629067
2.6944816053511706,0.2829377561085843,3.974563375468085e-34,8.625650485175252e-34,0.0020630431633664706,2.6364056449922074e-34,0.9927572748361565,0.9999270496727826
2.714515050167224,0.2850561441998374,3.5640414174029293e-34,9.453659862824381e-34,0.002149338931693891,2.70100771952946e-34,0.9925121111613251,0.9999245618881394
2.7345484949832777,0.28714061999279916,3.3903470813387583e-34,9.05249445619087e-34,0.0022384524257457387,2.0206060073155797e-34,0.9922600959718713,0.9999220033096902
2.754581939799331,0.28919059532776437,3.3414524898176866e-34,9.345527631951087e-34,0.0023304471794808063,2.1678429787084713e-34,0.9920010684802238,0.9999193721978973
2.7746153846153847,0.2912054928195028,3.3197620797125088e-34,9.282569167024444e-34,0.002425387333450316,2.2318065360396146e-34,0.9917348644725568,0.9999166667719056
2.794648829431438,0.29318474602227557,3.737291375681455e-34,1.0483897706351897e-33,0.0025233376201606902,1.7574043280754029e-34,0.9914613162346169,0.9999138852084433
2.8146822742474917,0.29512779959122243,3.6029867757313693e-34,9.272358912479109e-34,0.0026243633489206977,2.6586922289919716e-34,0.9911802524759413,0.9999110256406879
2.8347157190635452,0.2970341094400688,4.144207016195511e-34,9.192693037296686e-34,0.002728530390174241,2.503627801527979e-34,0.9908914982524314,0.9999080861570996
2.8547491638795988,0.2989031428951079,3.616911365181207e-34,1.030297020283567e-33,0.002835905159320306,2.4909513569881354e-34,0.9905948748872541,0.9999050648002153
2.8747826086956523,0.30073437884541043,3.619975111313092e-34,1.1086936163064767e-33,0.0029465546000218713,2.4660734511029903e-34,0.9902901998900434,0.9999019595654081
2.894816053511706,0.30252730788921567,3.778696481456319e-34,1.0968470108123812e-33,0.0030605461670058106,1.7452894945912436e-34,0.9899772868743693,0.9998987683996066
2.9148494983277593,0.30428143247646244,3.4219966510994165e-34,1.0976296350033915e-33,0.003177947808356151,2.33312376343793e-34,0.9896559454734456,0.9998954891999745
2.934882943143813,0.3059962670474141,3.4776846528725563e-34,1.2610899498257529e-33,0.0032988279473032517,2.1950376793304094e-34,0.9893259812540476,0.9998921198125487
2.9549163879598663,0.3076713381673405,3.908748011092165e-34,9.874147329857128e-34,0.0034232554635117577,3.092902915349579e-34,0.988987195628609,0.9998886580308346
2.97494983277592,0.3093061846572143,3.693274185857304e-34,1.1669540237852438e-33,0.0035512996738704798,2.386329142683922e-34,0.9886393857654685,0.9998851015943566
2.9949832775919734,0.3109003577203827,3.8014536802620404e-34,1.029901948264858e-33,0.003683030312787581,2.264098125731577e-34,0.9882823444972374,0.9998814481871634
3.015016722408027,0.31245342106517976,3.3763917347208843e-34,1.0673741921460118e-33,0.003818517511994713,2.3973054540988864e-34,0.9879158602272577,0.9998776954362841
3.0350501672240804,0.3139649510234423,3.6915319854791172e-34,1.2084320752826514e-33,0.003957831779864077,2.4215384845900216e-34,0.9875397168341237,0.9998738409101374
3.055083612040134,0.3154345366648955,3.7762915494595036e-34,1.2181494597885531e-33,0.004101043980242557,3.1768055537795325e-34,0.987153693574236,0.9998698821168863
3.0751170568561874,0.316861779907373,3.631780603433592e-34,1.3562499592689535e-33,0.004248225310807405,2.2146552270589847e-34,0.9867575649823633,0.9998658165027432
3.095150501672241,0.3182462956228437,3.700884258581671e-34,1.3413731585840442e-33,0.0043994472809482385,1.5358377825098518e-34,0.9863511007701796,0.9998616414502173
3.1151839464882944,0.3195877117392116,3.4966222607959346e-34,1.404883205986839e-33,0.0045547816891802605,1.7126165540217247e-34,0.9859340657227544,0.999857354276307
3.135217391304348,0.3208856693378643,3.5928063643421845e-34,1.3265797533852613e-33,0.0047143006000940554,2.3638237723497937e-34,0.9855062195929665,0.9998529522306319
3.1552508361204015,0.32213982274693587,3.63020859005584e-34,1.186193355878979e-33,0.004878076320847403,2.6798002372608414e-34,0.9850673169938166,0.999848432493505
3.175284280936455,0.3233498396302655,3.369395248770141e-34,1.258783020010212e-33,0.005046181377204941,2.8297892857104593e-34,0.9846171072886143,0.9998437921739395
3.1953177257525085,0.324515401072024,3.6114187855917967e-34,1.2585942845884925e-33,0.005218688489131678,2.746347483933426e-34,0.9841553344790156,0.9998390283075919
3.215351170568562,0.3256362016569846,3.447465203476782e-34,1.3244620988783916e-33,0.005395670545946696,2.326037826059253e-34,0.9836817370908864,0.9998341378546352
3.2353846153846155,0.32671194954641875,3.4825941646317033e-34,1.3999160140120101e-33,0.005577200581043553,1.7698015951005318e-34,0.9831960480579746,0.9998291176975618
3.255418060200669,0.3277423665495946,3.3916350225354173e-34,1.618966577708312e-33,0.005763351746184258,2.489180644373332e-34,0.982697994603365,0.9998239646389138
3.2754515050167226,0.32872718819086155,3.476575071565019e-34,1.508735937591833e-33,0.005954197285373835,2.5056791873394757e-34,0.9821872981187038,0.9998186753989351
3.295484949832776,0.3296661637723028,3.934786619945169e-34,1.4834474096252638e-33,0.006149810508322798,2.321000665048847e-34,0.9816636740411717,0.9998132466131463
3.3155183946488296,0.33055905643193995,3.608860687978785e-34,1.5403906303457083e-33,0.006350264763505183,2.3295737892044637e-34,0.981126831728192,0.9998076748298355
3.335551839464883,0.3314056431974769,3.846962861121491e-34,1.3585091426258793e-33,0.006555633410819824,2.5363055790573306e-34,0.9805764743298607,0.9998019565074662
3.3555852842809366,0.33220571503556917,3.7713387150199497e-34,1.4572212942963633e-33,0.006765989793863064,2.3049699537463574e-34,0.9800122986590866,0.9997960880119939
3.37561872909699,0.3329590768966074,3.3346491409461178e-34,1.6317952800646885e-33,0.006981407211821142,2.6976636763362305e-34,0.9794339950594322,0.9997900656140927
3.3956521739130436,0.3336655477550064,3.2710029086416796e-34,1.3846045767037804e-33,0.007201958890990801,2.4388416029680388e-34,0.9788412472706517,0.9997838854862852
3.415685618729097,0.3343249606449919,3.791765905498497e-34,1.3407794975445732e-33,0.007427717955936953,2.2492985326662654e-34,0.9782337322919189,0.9997775436999733
3.4357190635451507,0.3349371626918757,3.6911213009610935e-34,1.763072946364434e-33,0.007658757400296382,1.890357707421448e-34,0.9776111202427479,0.9997710362223662
3.455752508361204,0.33550201513881756,3.7646728949826127e-34,1.5234788568860362e-33,0.00789515005723675,2.756900221725887e-34,0.9769730742216071,0.9997643589133005
3.4757859531772577,0.3360193933690689,3.615080037495879e-34,1.5960131054388786e-33,0.008136968569580405,3.068058569369322e-34,0.9763192501622331,0.9997575075219493
3.495819397993311,0.3364891869236934,3.569202819597745e-34,1.644981334378402e-33,0.0083842853596027,2.397924312631531e-34,0.9756492966876575,0.9997504776834146
3.5158528428093647,0.33691129951476917,3.485959638324996e-34,1.5466962070388993e-33,0.008637172598514766,2.4423758618838773e-34,0.9749628549619556,0.9997432649152007
3.5358862876254182,0.33728564903406955,3.324493241689661e-34,1.419866040779107e-33,0.008895702175640872,3.2166911689221666e-34,0.9742595585397398,0.9997358646135596
3.5559197324414717,0.33761216755722434,3.4022277899896665e-34,1.487213108962904e-33,0.00915994566730079,3.226767790785646e-34,0.9735390332134198,0.9997282720497093
3.5759531772575253,0.33789080134336985,3.3665557755887644e-34,1.6324631490673634e-33,0.009429974305407731,2.2007110894144692e-34,0.9728008968582575,0.9997204823659126
3.5959866220735788,0.33812151083028724,3.488627861838837e-34,1.4333180286726223e-33,0.009705858945792626,2.8690796453317833e-34,0.9720447592752511,0.9997124905714188
3.6160200668896323,0.3383042706250405,3.507588894577116e-34,1.5616615637510467e-33,0.009987670036265843,2.723888755898818e-34,0.9712702220318866,0.9997042915382541
3.636053511705686,0.3384390694901201,3.5511297597266497e-34,1.6703931439556342e-33,0.01027547758442742,1.7892641767865612e-34,0.9704768783008064,0.9996958799968629
3.6560869565217393,0.3385259103251034,3.155780556176822e-34,1.5249796684468698e-33,0.010569351125237355,2.949170877781811e-34,0.9696643126964429,0.9996872505315871
3.676120401337793,0.33856481014384143,3.246469283672641e-34,1.7873576658655457e-33,0.010869359688357474,2.499781503867012e-34,0.9688321011096811,0.9996783975759804
3.6961538461538463,0.3385558000471866,3.3544873672534927e-34,1.5451837787320417e-33,0.011175571765276678,2.5198206474705827e-34,0.9679798105406144,0.9996693154079502
3.7161872909699,0.3384989251912748,3.6879045187340734e-34,1.602063023279419e-33,0.011488055276231604,3.0045881217434996e-34,0.9671069989294726,0.999659998144719
3.7362207357859534,0.3383942447513774,3.4916359831585883e-34,1.5881834171859884e-33,0.011806877536934747,3.045330694447762e-34,0.9662132149858038,0.9996504397375972
3.756254180602007,0.33824183188133977,3.392769618763855e-34,1.4170199478035603e-33,0.012132105225122558,3.6928045041860375e-34,0.9652979980160054,0.9996406339665628
3.7762876254180604,0.33804177366862664,3.6310241225089865e-34,1.6555214008323274e-33,0.012463804346935834,2.4762486435604234e-34,0.9643608777493068,0.9996305744346353
3.796321070234114,0.3377941710849932,3.2377687007686335e-34,1.548009860614416e-33,0.01280204020314522,2.2462476350535064e-34,0.9634013741623209,0.9996202545620376
3.8163545150501674,0.3374991389328019,3.2881914597447914e-34,1.828998617532152e-33,0.01314687735523462,2.320785035630357e-34,0.9624189973022848,0.9996096675801363
3.836387959866221,0.3371568057870117,3.0122108095383047e-34,1.8236838480470277e-33,0.013498379591355542,2.033275237579538e-34,0.9614132471091315,0.9995988065251507
3.8564214046822745,0.33676731393285914,3.3095415841215565e-34,1.898766557499315e-33,0.013856609892165476,2.668300746227342e-34,0.9603836132365412,0.9995876642316216
3.876454849498328,0.3363308192992628,3.4570342604980446e-34,1.57761658484234e-33,0.01422163039656369,2.275707612621737e-34,0.9593295748721354,0.9995762333256276
3.8964882943143815,0.33584749138797104,3.1530857446430744e-34,1.6711399727204068e-33,0.014593502367337847,2.8978680753252465e-34,0.9582506005569896,0.999564506217738
3.916521739130435,0.33531751319848807,3.2228942296393404e-34,1.891422644465516e-33,0.014972286156735048,3.637176391270788e-34,0.9571461480046626,0.9995524750956934
3.9365551839464885,0.3347410811488059,3.264138352658444e-34,1.7446231348113376e-33,0.01535804117197104,2.184747543647246e-34,0.956015663919946,0.9995401319167987
3.956588628762542,0.33411840499196943,2.9327569349611886e-34,1.5919740596813732e-33,0.015750825840691395,2.4375810911610433e-34,0.9548585838175614,0.9995274684000177
3.9766220735785955,0.3334497077285153,3.070397434453337e-34,1.6907526225974306e-33,0.016150697576398705,2.839541762445328e-34,0.9536743318410513,0.9995144760177547
3.996655518394649,0.3327352255148116,2.8673126675282727e-34,1.688651665575258e-33,0.01655771274385983,2.8265086784382683e-34,0.9524623205821232,0.9995011459873111
4.016688963210703,0.33197520756733456,2.848333113288876e-34,1.8668913098082087e-33,0.016971926624507448,2.08114072536331e-34,0.95122195090073,0.9994874692619992
4.0367224080267565,0.3311699160629231,3.135011409379086e-34,1.815400547662583e-33,0.017393393381850152,2.445661171191483e-34,0.9499526117461943,0.9994734365219016
4.05675585284281,0.3303196260350444,2.7232146356128896e-34,1.593574175558619e-33,0.017822166026905582,2.2570444520574286e-34,0.9486536799796981,0.9994590381642555
4.076789297658863,0.32942462526611077,2.9392653420815967e-34,1.51852992107487e-33,0.018258296383671147,2.7375923553210123e-34,0.9473245201984909,0.9994442642934495
4.096822742474917,0.32848521417589027,3.0995279253728936e-34,1.7178261581349076e-33,0.01870183505464675,3.685531079206597e-34,0.9459644845621896,0.999429104710611
4.116856187290971,0.32750170570604936,2.9951447968887866e-34,1.9615620269792704e-33,0.019152831386424336,2.8892640350772066e-34,0.9445729126215722,0.9994135489027683
4.136889632107024,0.32647442520087455,2.628663156046505e-34,1.7106212994061258e-33,0.019611333435359053,2.704592220102501e-34,0.9431491311502926,0.9993975860315653
4.156923076923077,0.3254037102842117,3.0549894347913563e-34,1.5701905544272893e-33,0.020077387933336792,2.718725622156936e-34,0.9416924539799751,0.9993812049215088
4.176956521739131,0.32428991073267405,2.600179623878891e-34,1.649896422772832e-33,0.02055104025365302,3.2489433025370977e-34,0.9402021818391765,0.9993643940477274
4.196989966555185,0.32313338834516203,2.669777441949275e-34,1.699325973142469e-33,0.02103233437701778,2.6884501554417368e-34,0.9386776021967348,0.9993471415232171
4.217023411371238,0.32193451680874297,2.6902002965716905e-34,1.626428770515304e-33,0.021521312857702056,2.77638459991838e-34,0.93711798911006,0.9993294350855503
4.237056856187291,0.32069368156093864,2.407572228310112e-34,1.58101441248601e-33,0.02201801678984047,3.02992298655562e-34,0.9355226030789541,0.9993112620830226
4.257090301003345,0.31941127964847604,3.0054451414380793e-34,1.3792652921494919e-33,0.022522485773905337,2.658739677043692e-34,0.9338906909055885,0.9992926094602088
4.277123745819399,0.31808771958254234,2.5201117790362858e-34,1.3772812097556856e-33,0.023034757883367216,2.3254824103687673e-34,0.9322214855613018,0.9992734637429029
4.297157190635452,0.31672342119060726,2.6793884235199056e-34,1.3597997103247537e-33,0.02355486963155735,2.795222904656468e-34,0.9305142060609236,0.9992538110224081
4.317190635451505,0.3153188154648581,2.6253803194678313e-34,1.499676876277701e-33,0.02408285593874694,2.1724661908662043e-34,0.9287680573453735,0.9992336369391465
4.337224080267559,0.3138743444073051,2.3588303803951914e-34,1.6834378541859995e-33,0.024618750099458533,1.7564393799754822e-34,0.9269822301733249,0.9992129266655578
4.357257525083613,0.31239046087161326,2.47751143205051e-34,1.3634536959322976e-33,0.02516258375002459,3.0206775367229444e-34,0.9251559010227751,0.9991916648882482
4.377290969899666,0.3108676284017144,2.5405822618620326e-34,1.388205194788409e-33,0.025714386836408896,2.6034806602718225e-34,0.9232882320034054,0.999169835789351
4.397324414715719,0.30930632106725836,2.4795396252845486e-34,1.3319888863925492e-33,0.02627418758230551,2.7374879719974185e-34,0.9213783707806693,0.9991474230270662
4.417357859531773,0.30770702329596306,2.3420532283916775e-34,1.2835348292311238e-33,0.026842012457530755,2.8469251332665877e-34,0.9194254505125993,0.9991244097153303
4.437391304347827,0.30607022970291975,2.3571709049420917e-34,1.0295679516648921e-33,0.027417886146723264,1.9233470733853825e-34,0.9174285898003733,0.9991007784025763
4.45742474916388,0.3043964449169166,2.3222774527120965e-34,1.1939401238542564e-33,0.028001831518367413,2.0553227509843688e-34,0.9153868926537441,0.9990765110495357
4.477458193979933,0.3026861834038395,2.316467399187698e-34,1.2855289821248294e-33,0.0285938695941553,1.921620603805185e-34,0.9132994484724862,0.999051589006036
4.497491638795987,0.30093996928721334,2.595120176685139e-34,1.2186841739133386e-33,0.029194019518702093,2.4981957166365368e-34,0.9111653320450851,0.9990259929867381
4.517525083612041,0.29915833616594933,2.261043992017266e-34,1.0885587722470678e-33,0.029802298529630043,2.3853511126172727e-34,0.9089836035659484,0.9989997030457621
4.537558528428094,0.2973418269293555,1.9269115071132396e-34,1.020932824635576e-33,0.03041872192803612,2.4423620536353595e-34,0.9067533086724842,0.9989726985501416
4.557591973244147,0.29549099356948144,2.230136237299942e-34,1.1942786643198397e-33,0.031043303049358366,1.7611918945135326e-34,0.9044734785034668,0.9989449581520438
4.577625418060201,0.2936063969908615,2.078037167507782e-34,1.0460883176847732e-33,0.03167605323465544,2.3359324811926857e-34,0.9021431297801685,0.9989164597596949
4.597658862876255,0.29168860681771985,1.8086704236947855e-34,1.038386311942067e-33,0.032316981802314654,2.5467459150736752e-34,0.899761264911814,0.9988871805069356
4.617692307692308,0.28973820119870686,2.1552527776083783e-34,1.1031714513698479e-33,0.0329660960202029,2.4154623055900866e-34,0.8973268721269857,0.998857096721338
4.637725752508361,0.28775576660923424,1.8071968333359944e-34,1.0689858340965801e-33,0.03362340107827555,2.2845227211973013e-34,0.8948389256326803,0.9988261838908059
4.657759197324415,0.2857418976514778,1.8054353162993168e-34,1.0339457905764235e-33,0.03428890006165733,1.5971699037249866e-34,0.8922963858027981,0.9987944166285724
4.677792642140469,0.28369719685211564,1.7847257985139674e-34,1.0254618644701565e-33,0.034962593924210014,2.697159731326962e-34,0.8896981993979204,0.9987617686365142
4.697826086956522,0.2816222744578733,1.950071190521445e-34,1.1580648942755009e-33,0.03564448146260144,2.0432446431120415e-34,0.8870432998183114,0.9987282126666839
4.717859531772575,0.27951774822894465,1.5801052415728434e-34,1.0130229292959146e-33,0.036334559290889974,2.2194973521094515e-34,0.8843306073921623,0.9986937204809642
4.737892976588629,0.27738424323036054,2.087983228797875e-34,8.950250701032409e-34,0.03703282181563828,2.393293817363676e-34,0.8815590297011773,0.9986582628087413
4.757926421404683,0.2752223916213792,1.7051246831598825e-34,1.0645703483205601e-33,0.037739261211570944,2.6876127873741606e-34,0.8787274619456813,0.9986218093024842
4.777959866220736,0.27303283244296483,1.5909152283311956e-34,8.95909292218427e-34,0.038453867397789554,1.6599817104232362e-34,0.8758347873515157,0.9985843284911133
4.797993311036789,0.2708162114034335,1.494236719184452e-34,9.818148141143126e-34,0.039176628014559345,1.835203674871205e-34,0.8728798776210674,0.9985457877310303
4.818026755852843,0.2685731806623366,1.6967055796188655e-34,9.021290050352283e-34,0.039907528400680486,2.29453379482908e-34,0.8698615934308662,0.9985061531546816
4.838060200668897,0.2663043986126544,1.2186573549869758e-34,8.036971645166231e-34,0.0406465515714579,2.5957180834420107e-34,0.8667787849782594,0.9984653896165074
4.85809364548495,0.26401052966137867,1.4065785534055247e-34,8.445307966573597e-34,0.04139367819728307,2.155672457908532e-34,0.8636302925797622,0.9984234606361276
4.878127090301003,0.26169224400855345,1.5109113181203567e-34,9.325898584012034e-34,0.04214888658284081,1.8992398317796851e-34,0.8604149473237567,0.9983803283386053
4.898160535117057,0.25935021742485276,1.4174062238564406e-34,7.491393102141048e-34,0.042912152646953874,2.4211716273171965e-34,0.8571315717802934,0.9983359533916124
4.918193979933111,0.25698513102777093,1.5648896516519229e-34,9.257532461710144e-34,0.04368344990307851,2.1759797447934765e-34,0.8537789807708275,0.99829029493932
4.938227424749164,0.25459767105649966,1.8796727169309216e-34,8.065531423566286e-34,0.044462749440463585,2.6286462044919845e-34,0.850355982200783,0.9982433105328111
4.958260869565217,0.25218852864556784,1.1280373377652536e-34,6.9125684461512305e-34,0.04525001990598583,2.9153524198354825e-34,0.8468613779579233,0.9981949560568166
4.978294314381271,0.2497583995973238,1.416859059347289e-34,7.1077555825351005e-34,0.04604522748667321,2.496111489888298e-34,0.8432939648795533,0.9981451856525438
4.998327759197325,0.24730798415333324,1.2805599624427778e-34,8.879501891062382e-34,0.04684833589292871,2.656078858377732e-34,0.8396525357916514,0.9980939516363672
5.018361204013378,0.24483798676477211,1.3890218049567306e-34,8.177059516541612e-34,0.0476593063424666,1.8865803315400446e-34,0.8359358806230665,0.9980412044141226
5.038394648829431,0.2423491158618909,1.036702314999184e-34,8.260408487141713e-34,0.048478097544972794,2.337703104947612e-34,0.8321427875979717,0.9979868923907395
5.058428093645485,0.23984208362262802,1.1123903626484648e-34,8.277984587151527e-34,0.049304665687500415,1.8044975067786072e-34,0.8282720445097954,0.9979309618749166
5.078461538461539,0.23731760574045138,1.2539114052131878e-34,7.551268195900338e-34,0.050138964420612275,2.262002549385128e-34,0.8243224400798774,0.997873356978535
5.098494983277592,0.234776401191503,1.0168648837950292e-34,6.274422046016319e-34,0.0509809448452812,2.7285484824697123e-34,0.8202927654041128,0.9978140195104744
5.118528428093645,0.23221919200112706,1.2878066295513238e-34,7.730945065337743e-34,0.051830555500559046,3.3079477835152515e-34,0.8161818154908475,0.9977528888644801
5.138561872909699,0.22964670300985973,1.1299925284102806e-34,7.0690378043843245e-34,0.05268774235202469,2.3507135979644135e-34,0.8119883908932858,0.9976899019006971
5.158595317725753,0.22705966163895763,1.0521877816573811e-34,6.993812635235954e-34,0.053552448781021625,2.5872580094944794e-34,0.8077112994396325,0.9976249928204659
5.178628762541806,0.2244587976555429,8.536325999261999e-35,6.220769849493778e-34,0.05442461557469522,2.8192371224085255e-34,0.803349358064158,0.997558093033943
5.198662207357859,0.22184484293744505,9.327609810913457e-35,5.719283985692365e-34,0.05530418091683946,2.491217514796975e-34,0.7989013947423135,0.9974891310200736
5.218695652173913,0.2192185312378156,7.857059605147218e-35,5.430204596178062e-34,0.056191080379562594,3.2093955647578303e-34,0.7943662505329404,0.9974180321784153
5.238729096989967,0.2165805979495956,7.717518510927954e-35,7.262977456934996e-34,0.05708524691578106,2.8771905349961733e-34,0.7897427817305145,0.9973447186722708
5.25876254180602,0.2139317798699132,1.1481745188082099e-34,5.575658579766848e-34,0.05798661085255109,2.0960153103621574e-34,0.7850298621302444,0.9972691092625487
5.2787959866220735,0.21127281496448835,8.218233059780988e-35,6.940779519060862e-34,0.05889509988524613,2.631591819685587e-34,0.7802263854086865,0.9971911191317231
5.2988294314381275,0.2086044421321249,5.641446162610139e-35,4.741667380997742e-34,0.05981063907258932,2.977099885935549e-34,0.775331267622364,0.9971106596972236
5.318862876254181,0.20592740096936646,9.279128214824826e-35,6.453107206728717e-34,0.06073315083254834,2.512192148676158e-34,0.7703434498266667,0.9970276384135279
5.3388963210702345,0.20324243153539337,7.869302041829503e-35,6.198529998703735e-34,0.06166255493910151,3.143992816487926e-34,0.7652619008170686,0.9969419585621768
5.3589297658862876,0.20055027411723853,5.262280942134718e-35,5.239620101949669e-34,0.06259876851988233,3.1769817873742467e-34,0.7600856199944244,0.9968535190288701
5.3789632107023415,0.19785166899540027,8.893904125425199e-35,4.343502851012103e-34,0.06354170605470962,2.4674796952372555e-34,0.7548136403558031,0.9967622140667369
5.3989966555183955,0.19514735620992762,7.812223855271471e-35,5.758673343571703e-34,0.06449127937501056,2.2237876200657043e-34,0.7494450316119595,0.9966679330447985
5.4190301003344485,0.19243807532705617,5.499978728944275e-35,5.299944370280972e-34,0.06544739766414337,2.0832352406894636e-34,0.7439789034321641,0.9965705601805694
5.439063545150502,0.1897245652064692,6.795417674247615e-35,4.8260759466591175e-34,0.0664099674586264,2.403531223223623e-34,0.7384144088166776,0.9964699742556513
5.459096989966556,0.18700756376926195,6.329695345171451e-35,4.162793714352594e-34,0.06737889265027856,2.601858505192979e-34,0.7327507475966886,0.9963660483130851
5.4791304347826095,0.18428780776668435,6.798496452254217e-35,4.444205907093413e-34,0.0683540744892785,2.0012236279820507e-34,0.7269871700610055,0.9962586493351271
5.499163879598663,0.18156603254973608,5.479237066197142e-35,5.680907082119988e-34,0.0693354115881469,2.363565206395466e-34,0.7211229807082326,0.996147637899998
5.519197324414716,0.17884297183969075,4.355688538119823e-35,4.500491762870666e-34,0.07032279992665748,2.4044521461290085e-34,0.7151575421225409,0.9960328678160422
5.53923076923077,0.17611935749962268,5.642672813842673e-35,6.834903987401915e-34,0.07131613285768144,2.015382087694795e-34,0.7090902789704825,0.9959141857315946
5.559264214046824,0.1733959193070114,7.078261877632123e-35,4.935562505932029e-34,0.07231530111396987,1.6710054915746038e-34,0.7029206821155717,0.995791430718716
5.579297658862877,0.1706733847274959,4.661860888145254e-35,4.636768368739297e-34,0.07332019281587825,2.4060243197064857e-34,0.6966483128465917,0.995664433828793
5.59933110367893,0.1679524786898529,3.1954179196002846e-35,5.660161794714103e-34,0.07433069348003732,2.2329517596605143e-34,0.6902728072147593,0.9955330176178321
5.619364548494984,0.1652339233622716,4.11484340638209e-35,4.6744756672089336e-34,0.07534668602897276,1.9992812985798802e-34,0.6837938804740069,0.9953969956390852
5.639397993311038,0.1625184379299969,4.008693240706708e-35,4.492691865991218e-34,0.07636805080167819,1.8257936553180417e-34,0.6772113316177091,0.9952561719004378
5.659431438127091,0.15980673837441214,3.86556890395622e-35,4.3442591121947385e-34,0.0773946655651431,2.7883399527625376e-34,0.6705250480042007,0.9951103402837612
5.679464882943144,0.15709953725363268,4.8119526782651604e-35,3.5768054539919134e-34,0.07842640552683916,2.8009946746104198e-34,0.6637350100624053,0.9949592839231836
5.699498327759198,0.15439754348468024,3.7772931301240943e-35,4.031965804547953e-34,0.07946314334816611,2.501460102017692e-34,0.6568412960678122,0.994802774538955
5.719531772575252,0.15170146212730853,3.712584247745933e-35,4.422851104387834e-34,0.08050474915885945,1.6930524353018307e-34,0.6498440869779131,0.9946405717232846
5.739565217391305,0.149011994169548,1.3382347011741707e-35,4.1166777532058355e-34,0.08155109057236198,2.518453837992227e-34,0.6427436713150454,0.9944724221741853
5.759598662207358,0.14632983631503738,1.2214218918708887e-35,4.228317816152142e-34,0.08260203270215855,2.4142540276271313e-34,0.6355404500833793,0.9942980588730067
5.779632107023412,0.1436556807722127,2.451400512238017e-35,3.9819136558116805e-34,0.0836574381790764,2.2778424821062394e-34,0.6282349417055529,0.9941172002009174
5.799665551839466,0.14099021504541695,3.6235740137126696e-36,3.7418914925708956e-34,0.08471716716955038,2.646274896306212e-34,0.620827786963184,0.9939295489891588
5.819698996655519,0.13833412172799864,1.9197596980966982e-35,3.767161752696976e-34,0.0857810773948535,2.782595041762885e-34,0.6133197539242071,0.9937347914973927
5.839732441471572,0.1356880782974631,1.907327727460509e-35,3.4371622659478104e-34,0.08684902415129221,2.1211037241350687e-34,0.6057117428386757,0.9935325963139215
5.859765886287626,0.13305275691274313,1.0063474785995881e-35,4.121456664908934e-34,0.08792086033136555,1.989708627169529e-34,0.5980047909833729,0.993322613170942
5.87979933110368,0.1304288242136509,9.691192838636464e-36,3.027369087751903e-34,0.08899643644588719,2.5554399782037474e-34,0.5902000774342641,0.9931044716673341
5.899832775919733,0.12781694112257394,1.0961264321874894e-35,3.972398681822425e-34,0.09007560064706861,3.6422800460533808e-34,0.5822989277445414,0.9928777798907278
5.919866220735786,0.12521776264847817,1.6522659799982538e-35,3.868361685579341e-34,0.09115819875256229,2.2650788967675045e-34,0.5743028185047544,0.9926421229297666
5.93989966555184,0.12263193769327872,1.706757884647908e-35,2.6448643755849513e-34,0.09224407427046116,4.555705945362354e-34,0.5662133817603019,0.9923970612665585
5.959933110367894,0.12006010886063904,5.3978198029442154e-36,2.602163935930576e-34,0.0933330684252531,3.868336869456457e-34,0.5580324092603931,0.9921421290382849
5.979966555183947,0.11750291226725632,5.087857032874363e-36,3.7702542524645556e-34,0.094425020184727,2.687516162883419e-34,0.5497618565114856,0.9918768321557835
6.0,0.11496097735669271,1.1001940335984489e-35,2.670490631755153e-34,0.09551976628782684,2.633718312967106e-34,0.5414038466072013,0.9916006462656487
