dbeta_per_m,eta
-15000.0,0.040522010577472956
-14750.0,0.03928413613193976
-14500.0,0.036863116685151305
-14250.0,0.03337267770708361
-14000.0,0.02899982758659871
-13750.0,0.023998592864862996
-13500.0,0.018679548161843612
-13250.0,0.013395499018611432
-13000.0,0.008523908236602326
-12750.0,0.004446867315165194
-12500.0,0.0015295918759771127
-12250.0,9.855245555254258e-05
-12000.0,0.00042043065952360837
-11750.0,0.002683108852914345
-11500.0,0.006979855731435474
-11250.0,0.01329775997130242
-11000.0,0.02151129278034756
-10750.0,0.03138165401627191
-10500.0,0.04256228517270464
-10250.0,0.054610628265988365
-10000.0,0.0670058869699477
-9750.0,0.0791722212214082
-9500.0,0.09050649564698851
-9250.0,0.10040942210188103
-9000.0,0.1083187029318897
-8750.0,0.11374260801407908
-8500.0,0.11629231635288453
-8250.0,0.11571132992301231
-8000.0,0.11190032773228589
-7750.0,0.10493597183736504
-7500.0,0.09508240020542974
-7250.0,0.08279443569618353
-7000.0,0.06871189405709803
-6750.0,0.05364477138967219
-6500.0,0.03854951513344885
-6250.0,0.02449701250067417
-6000.0,0.012633345879019672
-5750.0,0.004134745533399998
-5500.0,0.00015849665381238406
-5250.0,0.0017918132095826216
-5000.0,0.010000860991699445
-4750.0,0.02558218624016566
-4500.0,0.04911877831281786
-4250.0,0.08094286365368764
-4000.0,0.12110729746393392
-3750.0,0.16936709738843655
-3500.0,0.2251722631279135
-3250.0,0.28767256404448194
-3000.0,0.35573447362832983
-2750.0,0.4279699075050656
-2500.0,0.5027759041105279
-2250.0,0.5783838980048327
-2000.0,0.6529167978102575
-1750.0,0.724451714619909
-1500.0,0.7910859100222353
-1250.0,0.8510033592455682
-1000.0,0.9025392633286548
-750.0,0.9442398985432577
-500.0,0.9749153600794829
-250.0,0.9936830335075332
0.0,0.9999999999999334
250.0,0.9936830335075332
500.0,0.9749153600794829
750.0,0.9442398985432577
1000.0,0.9025392633286548
1250.0,0.8510033592455682
1500.0,0.7910859100222353
1750.0,0.724451714619909
2000.0,0.6529167978102575
2250.0,0.5783838980048327
2500.0,0.5027759041105279
2750.0,0.4279699075050656
3000.0,0.35573447362832983
3250.0,0.28767256404448194
3500.0,0.2251722631279135
3750.0,0.16936709738843655
4000.0,0.12110729746393392
4250.0,0.08094286365368764
4500.0,0.04911877831281786
4750.0,0.02558218624016566
5000.0,0.010000860991699445
5250.0,0.0017918132095826216
5500.0,0.00015849665381238406
5750.0,0.004134745533399998
6000.0,0.012633345879019672
6250.0,0.02449701250067417
6500.0,0.03854951513344885
6750.0,0.05364477138967219
7000.0,0.06871189405709803
7250.0,0.08279443569618353
7500.0,0.09508240020542974
7750.0,0.10493597183736504
8000.0,0.11190032773228589
8250.0,0.11571132992301231
8500.0,0.11629231635288453
8750.0,0.11374260801407908
9000.0,0.1083187029318897
9250.0,0.10040942210188103
9500.0,0.09050649564698851
9750.0,0.0791722212214082
10000.0,0.0670058869699477
10250.0,0.054610628265988365
10500.0,0.04256228517270464
10750.0,0.03138165401627191
11000.0,0.02151129278034756
11250.0,0.01329775997130242
11500.0,0.006979855731435474
11750.0,0.002683108852914345
12000.0,0.00042043065952360837
12250.0,9.855245555254258e-05
12500.0,0.0015295918759771127
12750.0,0.004446867315165194
13000.0,0.008523908236602326
13250.0,0.013395499018611432
13500.0,0.018679548161843612
13750.0,0.023998592864862996
14000.0,0.02899982758659871
14250.0,0.03337267770708361
14500.0,0.036863116685151305
14750.0,0.03928413613193976
15000.0,0.040522010577472956
