modefilter_dB,eta,V
10.0,0.5,0.9090909090909091
10.0,0.51,0.9123434704830053
10.0,0.52,0.9154929577464788
10.0,0.53,0.9185441941074522
10.0,0.54,0.9215017064846416
10.0,0.55,0.9243697478991596
10.0,0.56,0.9271523178807947
10.0,0.5700000000000001,0.929853181076672
10.0,0.58,0.9324758842443729
10.0,0.59,0.9350237717908082
10.0,0.6,0.9375
10.0,0.61,0.9399075500770415
10.0,0.62,0.9422492401215805
10.0,0.63,0.944527736131934
10.0,0.64,0.9467455621301775
10.0,0.65,0.948905109489051
10.0,0.66,0.9510086455331411
10.0,0.67,0.9530583214793741
10.0,0.6799999999999999,0.9550561797752809
10.0,0.69,0.9570041608876559
10.0,0.7,0.958904109589041
10.0,0.71,0.9607577807848443
10.0,0.72,0.9625668449197861
10.0,0.73,0.964332892998679
10.0,0.74,0.9660574412532636
10.0,0.75,0.9677419354838709
10.0,0.76,0.9693877551020408
10.0,0.77,0.9709962168978562
10.0,0.78,0.9725685785536159
10.0,0.79,0.9741060419235511
10.0,0.8,0.975609756097561
10.0,0.81,0.97708082026538
10.0,0.8200000000000001,0.9785202863961814
10.0,0.8300000000000001,0.9799291617473436
10.0,0.8400000000000001,0.9813084112149533
10.0,0.8500000000000001,0.9826589595375722
10.0,0.86,0.9839816933638443
10.0,0.87,0.9852774631936579
10.0,0.88,0.9865470852017937
10.0,0.89,0.9877913429522752
10.0,0.9,0.989010989010989
10.0,0.91,0.9902067464635473
10.0,0.9199999999999999,0.9913793103448276
10.0,0.9299999999999999,0.9925293489861259
10.0,0.94,0.9936575052854123
10.0,0.95,0.9947643979057592
10.0,0.96,0.995850622406639
10.0,0.97,0.9969167523124358
10.0,0.98,0.9979633401221996
10.0,0.99,0.9989909182643795
10.0,1.0,1.0
20.0,0.5,0.9900990099009901
20.0,0.51,0.9904835890464168
20.0,0.52,0.9908536585365854
20.0,0.53,0.9912100243126987
20.0,0.54,0.9915534337128167
20.0,0.55,0.9918845807033364
20.0,0.56,0.9922041105598867
20.0,0.5700000000000001,0.992512624064078
20.0,0.58,0.9928106812735364
20.0,0.59,0.9930988049149975
20.0,0.6,0.9933774834437086
20.0,0.61,0.9936471738068089
20.0,0.62,0.9939083039435717
20.0,0.63,0.994161275051286
20.0,0.64,0.9944064636420136
20.0,0.65,0.9946442234123949
20.0,0.66,0.9948748869460357
20.0,0.67,0.9950987672657062
20.0,0.6799999999999999,0.9953161592505855
20.0,0.69,0.9955273409320444
20.0,0.7,0.9957325746799431
20.0,0.71,0.9959321082900827
20.0,0.72,0.996126175982291
20.0,0.73,0.9963149993175924
20.0,0.74,0.9964987880420145
20.0,0.75,0.9966777408637875
20.0,0.76,0.9968520461699896
20.0,0.77,0.9970218826880746
20.0,0.78,0.9971874200971619
20.0,0.79,0.9973488195934856
20.0,0.8,0.9975062344139651
20.0,0.81,0.9976598103214681
20.0,0.8200000000000001,0.9978096860550012
20.0,0.8300000000000001,0.9979559937477456
20.0,0.8400000000000001,0.9980988593155893
20.0,0.8500000000000001,0.9982384028185556
20.0,0.86,0.9983747387973068
20.0,0.87,0.9985079765867095
20.0,0.88,0.9986382206082615
20.0,0.89,0.9987655706430255
20.0,0.9,0.9988901220865705
20.0,0.91,0.9990119661872873
20.0,0.9199999999999999,0.999131190269331
20.0,0.9299999999999999,0.9992478779413344
20.0,0.94,0.9993621092919412
20.0,0.95,0.9994739610731195
20.0,0.96,0.9995835068721367
20.0,0.97,0.9996908172730083
20.0,0.98,0.9997959600081616
20.0,0.99,0.9998990001009999
20.0,1.0,1.0
30.0,0.5,0.9990009990009991
30.0,0.51,0.9990401379067171
30.0,0.52,0.9990777743621272
30.0,0.53,0.9991139932512678
30.0,0.54,0.9991488731821041
30.0,0.55,0.9991824870560452
30.0,0.56,0.999214902576547
30.0,0.5700000000000001,0.9992461827042757
30.0,0.58,0.9992763860652631
30.0,0.59,0.9993055673176267
30.0,0.6,0.999333777481679
30.0,0.61,0.9993610642376186
30.0,0.62,0.9993874721944613
30.0,0.63,0.9994130431333978
30.0,0.64,0.9994378162283715
30.0,0.65,0.999461828246329
30.0,0.66,0.9994851137292909
30.0,0.67,0.999507705160145
30.0,0.6799999999999999,0.9995296331138288
30.0,0.69,0.9995509263953876
30.0,0.7,0.9995716121662145
30.0,0.71,0.9995917160596376
30.0,0.72,0.9996112622868885
30.0,0.73,0.9996302737343722
30.0,0.74,0.9996487720530624
30.0,0.75,0.9996667777407531
30.0,0.76,0.9996843102178259
30.0,0.77,0.9997013878971217
30.0,0.78,0.9997180282484428
30.0,0.79,0.9997342478581642
30.0,0.8,0.9997500624843789
30.0,0.81,0.9997654871079623
30.0,0.8200000000000001,0.9997805359799069
30.0,0.8300000000000001,0.9997952226652372
30.0,0.8400000000000001,0.9998095600837935
30.0,0.8500000000000001,0.9998235605481386
30.0,0.86,0.9998372357988234
30.0,0.87,0.9998505970372243
30.0,0.88,0.9998636549561424
30.0,0.89,0.9998764197683432
30.0,0.9,0.9998889012331963
30.0,0.91,0.9999011086815589
30.0,0.9199999999999999,0.9999130510390402
30.0,0.9299999999999999,0.9999247368477642
30.0,0.94,0.9999361742867477
30.0,0.95,0.99994737119099
30.0,0.96,0.999958335069372
30.0,0.97,0.9999690731214499
30.0,0.98,0.9999795922532193
30.0,0.99,0.9999898990919284
30.0,1.0,1.0
