acoustic_loss_dB_per_mm,P_RF_W,eta
0.0,0.1,0.0034959185717459086
0.0,0.10389219322411264,0.003631821517430659
0.0,0.10793587812916355,0.0037730009839224907
0.0,0.11213695106409333,0.0039196613060420325
0.0,0.11650153787513647,0.004072014689473173
0.0,0.12103600283829954,0.004230281510597348
0.0,0.12574695793950863,0.004394690627482401
0.0,0.13064127251595795,0.004565479702419354
0.0,0.13572608327271857,0.004742895536412691
0.0,0.14100880468921279,0.004927194416041919
0.0,0.14649713983072857,0.005118642473124794
0.0,0.152199091580739,0.005317516057625292
0.0,0.1581229743104055,0.005524102124262274
0.0,0.1642774260022805,0.005738698633287938
0.0,0.17067142084588788,0.005961614965918223
0.0,0.17731428232354832,0.00619317235491079
0.0,0.18421569680552938,0.0064337043307995
0.0,0.1913857276743461,0.006683557184307865
0.0,0.1988348299988056,0.006943090445477359
0.0,0.20657386577919506,0.007212677380060107
0.0,0.21461411978584036,0.00749270550373871
0.0,0.22296731601413386,0.00778357711474956
0.0,0.23164563478002173,0.008085709845498884
0.0,0.24066173048088252,0.008399537233774136
0.0,0.25002875004769165,0.008725509314165584
0.0,0.2597603521153814,0.009064093230325889
0.0,0.2698707269393474,0.00941577386870685
0.0,0.2803746170871442,0.009781054514424414
0.0,0.29128733893554176,0.010160457529913635
0.0,0.3026248050042889,0.010554525057045508
0.0,0.3144035471591499,0.010963819743386978
0.0,0.3266407407180481,0.01138892549329373
0.0,0.33935422949546734,0.011830448244532827
0.0,0.35256255182162954,0.012289016771138216
0.0,0.3662849675743896,0.012765283513206932
0.0,0.3805414862632632,0.013259925434347036
0.0,0.3953528962065394,0.013773644907489481
0.0,0.41074079484402337,0.014307170629775856
0.0,0.42672762022960886,0.014861258567230856
0.0,0.4433366837496028,0.015436692929923362
0.0,0.46059220411451046,0.01603428717831191
0.0,0.4785193426738465,0.016654885061459422
0.0,0.49714424010546626,0.017299361687787763
0.0,0.5164940545329174,0.01796862462902467
0.0,0.5365970011263923,0.018663615057973804
0.0,0.5574823932450254,0.01938530892071162
0.0,0.5791806851805291,0.02013471814378394
0.0,0.6017235165644949,0.020912891876938008
0.0,0.6251437585041105,0.02172091777188289
0.0,0.6494755615135706,0.022559923297522492
0.0,0.6747544053110693,0.02343107709204847
0.0,0.7010171505539882,0.02433559035221698
0.0,0.728302092587718,0.025274718260060513
0.0,0.7566490172864877,0.02624976144720443
0.0,0.7860992590676272,0.027262067496866386
0.0,0.816695761163857,0.028313032483514477
0.0,0.8484831382414918,0.029404102550045302
0.0,0.8815077414558654,0.030536775522216446
0.0,0.9158177260388389,0.0317126025599265
0.0,0.951463121516945,0.032933189844779845
0.0,0.9884959046625581,0.034200200303200694
0.0,1.0269700752844648,0.03551535536417059
0.0,1.0669417349683514,0.036880436750454576
0.0,1.1084691688820192,0.03829728830195013
0.0,1.151612930764623,0.03976781782954171
0.0,1.1964359312238488,0.04129399899756556
0.0,1.243003529469792,0.0428778732326878
0.0,1.2913836286192966,0.04452155165666718
0.0,1.3416467747097165,0.04622721704011256
0.0,1.3938662595664941,0.04799712577395209
0.0,1.448118227674533,0.049833609854901095
0.0,1.5044817872092215,0.05173907888074987
0.0,1.563039125388987,0.053716022050784754
0.0,1.6238756283176072,0.055767010166106294
0.0,1.6870800054910011,0.05789469762400969
0.0,1.7527444191500814,0.06010182439994692
0.0,1.8209646186682527,0.06239121800988856
0.0,1.8918400801695474,0.06476579544514559
0.0,1.965474151580953,0.06722856507089288
0.0,2.0419742033304726,0.0697826284787511
0.0,2.121451784910629,0.07243118228283074
0.0,2.204022787535737,0.07517751984761285
0.0,2.289807613130101,0.07802503293493424
0.0,2.3789313498935667,0.08097721325615331
0.0,2.471523954700415,0.08403765391429262
0.0,2.5677204425975857,0.08721005071957687
0.0,2.667661083678523,0.0904982033603111
0.0,2.7714916076197493,0.09390601640945943
0.0,2.8793634161783745,0.0974375001455904
0.0,2.9914338039604482,0.10109677116504191
0.0,3.107866187782011,0.10488805276021705
0.0,3.2288303449573506,0.10881567503685606
0.0,3.3545026608618724,0.11288407474091598
0.0,3.485066386130617,0.11709779476333974
0.0,3.620711903867419,0.12146148328848923
0.0,3.7616370072543877,0.1259798925493546
0.0,3.908047187966457,0.1306578771498248
0.0,4.06015593581161,0.13550039191130578
0.0,4.218185050033679,0.14051248919779874
0.0,4.382364962731621,0.14569931567019404
0.0,4.552935074866948,0.15106610841699483
0.0,4.730144105349165,0.15661819040494915
0.0,4.91425045370833,0.16236096518914253
0.0,5.105522576883489,0.16829991081797982
0.0,5.30423938067649,0.17444057286416367
0.0,5.510690626441893,0.18078855650826067
0.0,5.7251773536060755,0.18734951759673776
0.0,5.948012318631561,0.19412915259144928
0.0,6.179520451066725,0.20113318732248114
0.0,6.420039327345797,0.20836736445100162
0.0,6.669919663030118,0.215837429543369
0.0,6.929525824208331,0.22354911565219096
0.0,7.199236358801305,0.23150812629437956
0.0,7.479444548546421,0.23972011671048235
0.0,7.770558982466208,0.2481906732837725
0.0,8.07300415265743,0.25692529099175454
0.0,8.387221073269497,0.2659293487569524
0.0,8.713667923574638,0.27520808255814777
0.0,9.05282071606769,0.2847665561576904
0.0,9.405173990569537,0.2946096292951857
0.0,9.771241535346492,0.304741923192873
0.0,10.151557136296924,0.31516778321343414
0.0,10.546675355297793,0.32589123850693996
0.0,10.95717233884586,0.336915958480279
0.0,11.38364665817276,0.34824520591987645
0.0,11.82672018205908,0.35988178659697384
0.0,12.287038983619944,0.37182799518437604
0.0,12.765274282384485,0.38408555731463734
0.0,13.262123423042844,0.39665556761234866
0.0,13.77831089228797,0.4095384235378264
0.0,14.314589375234785,0.4227337548863373
0.0,14.871740852957217,0.43624034879641527
0.0,15.450577742743604,0.4500560701331682
0.0,16.051944082732923,0.4641777771281518
0.0,16.676716762659414,0.4786012321768782
0.0,17.325806802500097,0.4933210077187828
0.0,18.000160680889845,0.5083303871530775
0.0,18.700761715240823,0.5236212607779023
0.0,19.42863149557889,0.5391840167802506
0.0,20.18483137418762,0.555007427350894
0.0,20.970464013232306,0.571078530052777
0.0,21.78667499262031,0.587382504633794
0.0,22.634654480442535,0.6039025455464047
0.0,23.51563896843162,0.6206197305180022
0.0,24.430913074967698,0.6375128856082716
0.0,25.381811418260433,0.6545584472938865
0.0,26.36972056243903,0.6717303222377985
0.0,27.396081039387713,0.6889997455310188
0.0,28.46238944927516,0.7063351383402283
0.0,29.57020064284039,0.7237019660556914
0.0,30.72112998861756,0.7410625982117882
0.0,31.91685572840536,0.7583761716478696
0.0,33.15912142441615,0.7755984585908637
0.0,34.44973850167255,0.7926817415737764
0.0,35.79058888935919,0.8095746973564242
0.0,37.183627764980834,0.8262222922866329
0.0,38.630886405328674,0.8425656918317171
0.0,40.13447514841151,0.8585421873209022
0.0,41.696586470671186,0.8740851432686221
0.0,43.3194981839689,0.8891239689949703
0.0,45.00557675700493,0.9035841186209342
0.0,46.75728076601392,0.9173871238896735
0.0,48.57716447976802,0.930450664647339
0.0,50.46788158411559,0.9426886822030611
0.0,52.432189051485715,0.9540115411718816
0.0,54.47295116100161,0.9643262457793214
0.0,56.59314367506428,0.9735367169631057
0.0,58.79585817849745,0.981544136935805
0.0,61.084306586579785,0.988247368159188
0.0,63.46182582853888,0.993543453912288
0.0,65.93188271333541,0.9973282077934102
0.0,68.49807898483373,0.9994968995618791
0.0,71.16415657372873,0.9999450446757665
0.0,73.93400305388836,0.9985693046916757
0.0,76.81165731106701,0.9952685053333727
0.0,79.80131543225696,0.9899447784758806
0.0,82.907336824264,0.9825048334957198
0.0,86.13425057043031,0.9728613623682375
0.0,89.48676203477277,0.9609345815085225
0.0,92.96975972316797,0.9466539116098212
0.0,96.58832241158689,0.9299597945872438
0.0,100.34772655177481,0.9108056441382575
0.0,104.25345396517405,0.8891599233383148
0.0,108.3111998363099,0.8650083390544554
0.0,112.52688101729382,0.8383561387395172
0.0,116.90664465555432,0.809230490327438
0.0,121.4568771573752,0.7776829204569845
0.0,126.18421350031333,0.7437917800891175
0.0,131.09554690807232,0.7076646997494461
0.0,136.1980389019418,0.669440989138732
0.0,141.49912974345744,0.6292939277532273
0.0,147.0065492835106,0.5874328845155422
0.0,152.7283282337253,0.5441051953462347
0.0,158.67280987653885,0.4995977182616221
0.0,164.84866223106258,0.4542379761722661
0.0,171.26489069246026,0.40839478834795834
0.0,177.93085116327626,0.3624782828462747
0.0,184.85626369585918,0.31693917448770303
0.0,192.05122666577714,0.2722671866995528
0.0,199.52623149688787,0.2289884913323883
1.0,0.1,0.00311957594009216
1.0,0.10389219322411264,0.003240864527784088
1.0,0.10793587812916355,0.0033668634837139885
1.0,0.11213695106409333,0.0034977553183276043
1.0,0.11650153787513647,0.0036337295802335496
1.0,0.12103600283829954,0.003774983124952971
1.0,0.12574695793950863,0.00392172039371854
1.0,0.13064127251595795,0.004074153702681519
1.0,0.13572608327271857,0.004232503542897083
1.0,0.14100880468921279,0.0043969988914695085
1.0,0.14649713983072857,0.004567877534250888
1.0,0.152199091580739,0.0047453864004987694
1.0,0.1581229743104055,0.004929781909911156
1.0,0.1642774260022805,0.005121330332469117
1.0,0.17067142084588788,0.005320308161530297
1.0,0.17731428232354832,0.005527002500629528
1.0,0.18421569680552938,0.005741711464455746
1.0,0.1913857276743461,0.00596474459448763
1.0,0.1988348299988056,0.006196423289783718
1.0,0.20657386577919506,0.006437081253436141
1.0,0.21461411978584036,0.006687064955210546
1.0,0.22296731601413386,0.00694673411090852
1.0,0.23164563478002173,0.007216462179001804
1.0,0.24066173048088252,0.0074966368751017785
1.0,0.25002875004769165,0.0077876607048402244
1.0,0.2597603521153814,0.008089951515751143
1.0,0.2698707269393474,0.008403943068756258
1.0,0.2803746170871442,0.00873008562986942
1.0,0.29128733893554176,0.009068846582747326
1.0,0.3026248050042889,0.009420711062726978
1.0,0.3144035471591499,0.009786182612999593
1.0,0.3266407407180481,0.010165783863584504
1.0,0.33935422949546734,0.010560057233773578
1.0,0.35256255182162954,0.01096956565872872
1.0,0.3662849675743896,0.011394893340921258
1.0,0.3805414862632632,0.011836646527111392
1.0,0.3953528962065394,0.012295454311569719
1.0,0.41074079484402337,0.012771969466249387
1.0,0.42672762022960886,0.013266869298620115
1.0,0.4433366837496028,0.013780856537875254
1.0,0.46059220411451046,0.01431466025022537
1.0,0.4785193426738465,0.014869036783985384
1.0,0.49714424010546626,0.01544477074516089
1.0,0.5164940545329174,0.01604267600422755
1.0,0.5365970011263923,0.01666359673478955
1.0,0.5574823932450254,0.017308408484787104
1.0,0.5791806851805291,0.0179780192809047
1.0,0.6017235165644949,0.018673370766811477
1.0,0.6251437585041105,0.01939543937583596
1.0,0.6494755615135706,0.020145237538649156
1.0,0.6747544053110693,0.020923814926488635
1.0,0.7010171505539882,0.021732259730419225
1.0,0.728302092587718,0.02257169997707059
1.0,0.7566490172864877,0.023443304881240485
1.0,0.7860992590676272,0.024348286235685426
1.0,0.816695761163857,0.02528789983834951
1.0,0.8484831382414918,0.02626344695719963
1.0,0.8815077414558654,0.027276275832743946
1.0,0.9158177260388389,0.028327783218208027
1.0,0.951463121516945,0.029419415957228003
1.0,0.9884959046625581,0.030552672598793608
1.0,1.0269700752844648,0.03172910504903241
1.0,1.0669417349683514,0.03295032025926898
1.0,1.1084691688820192,0.03421798194962336
1.0,1.151612930764623,0.035533812367217435
1.0,1.1964359312238488,0.03689959407785319
1.0,1.243003529469792,0.038317171789793936
1.0,1.2913836286192966,0.03978845420802591
1.0,1.3416467747097165,0.041315415917102784
1.0,1.3938662595664941,0.042900099290370454
1.0,1.448118227674533,0.044544616423039765
1.0,1.5044817872092215,0.04625115108621087
1.0,1.563039125388987,0.04802196069856104
1.0,1.6238756283176072,0.04985937831197881
1.0,1.6870800054910011,0.051765814606953404
1.0,1.7527444191500814,0.053743759893033115
1.0,1.8209646186682527,0.05579578610910138
1.0,1.8918400801695474,0.05792454881763264
1.0,1.965474151580953,0.06013278918643491
1.0,2.0419742033304726,0.06242333595068715
1.0,2.121451784910629,0.06479910734732384
1.0,2.204022787535737,0.06726311301299227
1.0,2.289807613130101,0.06981845583593128
1.0,2.3789313498935667,0.07246833375115617
1.0,2.471523954700415,0.07521604146731611
1.0,2.5677204425975857,0.07806497211246996
1.0,2.667661083678523,0.0810186187848432
1.0,2.7714916076197493,0.08408057599334309
1.0,2.8793634161783745,0.08725454097122957
1.0,2.9914338039604482,0.09054431484487054
1.0,3.107866187782011,0.09395380363790845
1.0,3.2288303449573506,0.09748701908949553
1.0,3.3545026608618724,0.10114807926341174
1.0,3.485066386130617,0.10494120892295415
1.0,3.620711903867419,0.10887073964441557
1.0,3.7616370072543877,0.11294110963974721
1.0,3.908047187966457,0.11715686325666165
1.0,4.06015593581161,0.12152265012190244
1.0,4.218185050033679,0.12604322389077255
1.0,4.382364962731621,0.13072344056314805
1.0,4.552935074866948,0.13556825632323283
1.0,4.730144105349165,0.14058272485711892
1.0,4.91425045370833,0.14577199409885883
1.0,5.105522576883489,0.151141302352218
1.0,5.30423938067649,0.1566959737315221
1.0,5.510690626441893,0.16244141286111488
1.0,5.7251773536060755,0.16838309876877894
1.0,5.948012318631561,0.17452657790417703
1.0,6.179520451066725,0.18087745620883144
1.0,6.420039327345797,0.1874413901594738
1.0,6.669919663030118,0.19422407670165973
1.0,6.929525824208331,0.2012312419854907
1.0,7.199236358801305,0.20846862881002715
1.0,7.479444548546421,0.21594198267754913
1.0,7.770558982466208,0.22365703635330259
1.0,8.07300415265743,0.2316194928206823
1.0,8.387221073269497,0.23983500651605347
1.0,8.713667923574638,0.24830916272162917
1.0,9.05282071606769,0.2570474549889538
1.0,9.405173990569537,0.26605526045981004
1.0,9.771241535346492,0.27533781294561466
1.0,10.151557136296924,0.2849001736208632
1.0,10.546675355297793,0.29474719918085796
1.0,10.95717233884586,0.3048835073089582
1.0,11.38364665817276,0.3153134392940384
1.0,11.82672018205908,0.32604101963481746
1.0,12.287038983619944,0.33706991246434354
1.0,12.765274282384485,0.3484033746254327
1.0,13.262123423042844,0.36004420522631736
1.0,13.77831089228797,0.37199469150538983
1.0,14.314589375234785,0.38425655083508453
1.0,14.871740852957217,0.39683086869756073
1.0,15.450577742743604,0.40971803246960387
1.0,16.051944082732923,0.4229176608609687
1.0,16.676716762659414,0.43642852885987815
1.0,17.325806802500097,0.45024848805176615
1.0,18.000160680889845,0.4643743821930811
1.0,18.700761715240823,0.47880195794152836
1.0,19.42863149557889,0.49352577066790754
1.0,20.18483137418762,0.508539085303421
1.0,20.970464013232306,0.5238337722103924
1.0,21.78667499262031,0.5394001981044203
1.0,22.634654480442535,0.5552271121029333
1.0,23.51563896843162,0.5713015270293867
1.0,24.430913074967698,0.5876085961649636
1.0,25.381811418260433,0.6041314857112596
1.0,26.36972056243903,0.6208512433090887
1.0,27.396081039387713,0.637746663050967
1.0,28.46238944927516,0.6547941475291802
1.0,29.57020064284039,0.6719675675783751
1.0,30.72112998861756,0.6892381205024557
1.0,31.91685572840536,0.7065741877212719
1.0,33.15912142441615,0.723941192933865
1.0,34.44973850167255,0.7413014620732105
1.0,35.79058888935919,0.758614086522906
1.0,37.183627764980834,0.7758347912803706
1.0,38.630886405328674,0.7929158099840244
1.0,40.13447514841151,0.8098057689743636
1.0,41.696586470671186,0.8264495828310953
1.0,43.3194981839689,0.8427883641202522
1.0,45.00557675700493,0.8587593503964086
1.0,46.75728076601392,0.8742958518345548
1.0,48.57716447976802,0.8893272232127744
1.0,50.46788158411559,0.9037788643284974
1.0,52.432189051485715,0.9175722533046992
1.0,54.47295116100161,0.9306250176249453
1.0,56.59314367506428,0.9428510481221622
1.0,58.79585817849745,0.9541606615301593
1.0,61.084306586579785,0.9644608175817324
1.0,63.46182582853888,0.9736553969934766
1.0,65.93188271333541,0.9816455470054533
1.0,68.49807898483373,0.9883301014300353
1.0,71.16415657372873,0.9936060823946664
1.0,73.93400305388836,0.9973692911203933
1.0,76.81165731106701,0.9995149951419997
1.0,79.80131543225696,0.9999387193245465
1.0,82.907336824264,0.9985371478384983
1.0,86.13425057043031,0.9952091438940888
1.0,89.48676203477277,0.9898568934721855
1.0,92.96975972316797,0.9823871784895504
1.0,96.58832241158689,0.9727127837626848
1.0,100.34772655177481,0.9607540407451827
1.0,104.25345396517405,0.9464405092658987
1.0,108.3111998363099,0.9297127963430353
1.0,112.52688101729382,0.9105245085466196
1.0,116.90664465555432,0.8888443312813429
1.0,121.4568771573752,0.8646582247186305
1.0,126.18421350031333,0.8379717218781172
1.0,131.09554690807232,0.8088123095078629
1.0,136.1980389019418,0.7772318669103836
1.0,141.49912974345744,0.7433091316900637
1.0,147.0065492835106,0.7071521545547064
1.0,152.7283282337253,0.668900697806639
1.0,158.67280987653885,0.6287285240495779
1.0,164.84866223106258,0.586845512989659
1.0,171.26489069246026,0.5434995351336089
1.0,177.93085116327626,0.4989780018397888
1.0,184.85626369585918,0.45360900176773555
1.0,192.05122666577714,0.4077619245680552
1.0,199.52623149688787,0.3618474639960314
2.4,0.1,0.0026695771793338557
2.4,0.10389219322411264,0.0027733861203685225
2.4,0.10793587812916355,0.002881227877683141
2.4,0.11213695106409333,0.0029932588112640906
2.4,0.11650153787513647,0.0031096413189604616
2.4,0.12103600283829954,0.003230544067687739
2.4,0.12574695793950863,0.003356142233329312
2.4,0.13064127251595795,0.003486617749650534
2.4,0.13572608327271857,0.0036221595665504487
2.4,0.14100880468921279,0.0037629639179869437
2.4,0.14649713983072857,0.003909234599921778
2.4,0.152199091580739,0.004061183258643303
2.4,0.1581229743104055,0.004219029689836051
2.4,0.1642774260022805,0.004383002148777777
2.4,0.17067142084588788,0.0045533376720565755
2.4,0.17731428232354832,0.00473028241121278
2.4,0.18421569680552938,0.004914091978722553
2.4,0.1913857276743461,0.005105031806752635
2.4,0.1988348299988056,0.005303377519128592
2.4,0.20657386577919506,0.005509415316971289
2.4,0.21461411978584036,0.005723442378470134
2.4,0.22296731601413386,0.00594576727327409
2.4,0.23164563478002173,0.006176710391995174
2.4,0.24066173048088252,0.006416604391332561
2.4,0.25002875004769165,0.006665794655338628
2.4,0.2597603521153814,0.006924639773362122
2.4,0.2698707269393474,0.007193512035216624
2.4,0.2803746170871442,0.007472797944136829
2.4,0.29128733893554176,0.007762898748097048
2.4,0.3026248050042889,0.00806423099008154
2.4,0.3144035471591499,0.008377227077907131
2.4,0.3266407407180481,0.008702335874212784
2.4,0.33935422949546734,0.009040023307243237
2.4,0.35256255182162954,0.009390773003064306
2.4,0.3662849675743896,0.009755086939861138
2.4,0.3805414862632632,0.010133486124979293
2.4,0.3953528962065394,0.010526511295380646
2.4,0.41074079484402337,0.010934723642195303
2.4,0.42672762022960886,0.011358705560056586
2.4,0.4433366837496028,0.011799061421917684
2.4,0.46059220411451046,0.012256418380052212
2.4,0.4785193426738465,0.012731427193945493
2.4,0.49714424010546626,0.013224763085787315
2.4,0.5164940545329174,0.013737126624280139
2.4,0.5365970011263923,0.014269244637472287
2.4,0.5574823932450254,0.0148218711553275
2.4,0.5791806851805291,0.015395788382733044
2.4,0.6017235165644949,0.01599180770364506
2.4,0.6251437585041105,0.016610770717055023
2.4,0.6494755615135706,0.017253550305450113
2.4,0.6747544053110693,0.017921051736420543
2.4,0.7010171505539882,0.018614213798047556
2.4,0.728302092587718,0.0193340099686762
2.4,0.7566490172864877,0.020081449621649507
2.4,0.7860992590676272,0.020857579265541746
2.4,0.816695761163857,0.021663483820387304
2.4,0.8484831382414918,0.022500287930352535
2.4,0.8815077414558654,0.023369157313243197
2.4,0.9158177260388389,0.02427130014717422
2.4,0.951463121516945,0.025207968494660674
2.4,0.9884959046625581,0.02618045976430371
2.4,1.0269700752844648,0.027190118210157384
2.4,1.0669417349683514,0.028238336468759433
2.4,1.1084691688820192,0.0293265571336959
2.4,1.151612930764623,0.030456274367442356
2.4,1.1964359312238488,0.03162903555008707
2.4,1.243003529469792,0.03284644296438271
2.4,1.2913836286192966,0.03411015551640496
2.4,1.3416467747097165,0.035421890490906396
2.4,1.3938662595664941,0.03678342534024456
2.4,1.448118227674533,0.03819659950553643
2.4,1.5044817872092215,0.039663316268441384
2.4,1.563039125388987,0.04118554463169397
2.4,1.6238756283176072,0.042765321226215965
2.4,1.6870800054910011,0.044404752242300095
2.4,1.7527444191500814,0.04610601538200301
2.4,1.8209646186682527,0.047871361829492295
2.4,1.8918400801695474,0.049703118235667844
2.4,1.965474151580953,0.05160368871290788
2.4,2.0419742033304726,0.053575556835297314
2.4,2.121451784910629,0.05562128763913342
2.4,2.204022787535737,0.05774352961792506
2.4,2.289807613130101,0.05994501670544632
2.4,2.3789313498935667,0.062228570239716806
2.4,2.471523954700415,0.06459710090002159
2.4,2.5677204425975857,0.06705361060827236
2.4,2.667661083678523,0.0696011943851321
2.4,2.7714916076197493,0.07224304215037305
2.4,2.8793634161783745,0.07498244045591851
2.4,2.9914338039604482,0.07782277413891754
2.4,3.107866187782011,0.08076752788101182
2.4,3.2288303449573506,0.08382028765868632
2.4,3.3545026608618724,0.08698474206821871
2.4,3.485066386130617,0.0902646835072814
2.4,3.620711903867419,0.09366400919366885
2.4,3.7616370072543877,0.09718672199994217
2.4,3.908047187966457,0.1008369310809656
2.4,4.06015593581161,0.10461885226939809
2.4,4.218185050033679,0.10853680821212472
2.4,4.382364962731621,0.11259522821842274
2.4,4.552935074866948,0.11679864778831266
2.4,4.730144105349165,0.12115170778704575
2.4,4.91425045370833,0.12565915322904084
2.4,5.105522576883489,0.13032583163174266
2.4,5.30423938067649,0.1351566908969229
2.4,5.510690626441893,0.14015677667374113
2.4,5.7251773536060755,0.1453312291545891
2.4,5.948012318631561,0.15068527925115371
2.4,6.179520451066725,0.15622424409447996
2.4,6.420039327345797,0.16195352179883124
2.4,6.669919663030118,0.16787858542510029
2.4,6.929525824208331,0.17400497607516613
2.4,7.199236358801305,0.1803382950441217
2.4,7.479444548546421,0.1868841949525791
2.4,7.770558982466208,0.19364836977639338
2.4,8.07300415265743,0.20063654368606504
2.4,8.387221073269497,0.20785445860284002
2.4,8.713667923574638,0.21530786037314043
2.4,9.05282071606769,0.2230024834574298
2.4,9.405173990569537,0.2309440340239225
2.4,9.771241535346492,0.23913817133184911
2.4,10.151557136296924,0.24759048728316188
2.4,10.546675355297793,0.25630648401572825
2.4,10.95717233884586,0.2652915494053066
2.4,11.38364665817276,0.2745509303378414
2.4,11.82672018205908,0.28408970360809144
2.4,12.287038983619944,0.29391274429526737
2.4,12.765274282384485,0.30402469146130773
2.4,13.262123423042844,0.31442991101285367
2.4,13.77831089228797,0.32513245556388815
2.4,14.314589375234785,0.33613602113257873
2.4,14.871740852957217,0.3474439005033077
2.4,15.450577742743604,0.3590589330832037
2.4,16.051944082732923,0.37098345108208086
2.4,16.676716762659414,0.3832192218456211
2.4,17.325806802500097,0.3957673861742185
2.4,18.000160680889845,0.40862839246441124
2.4,18.700761715240823,0.42180192651643705
2.4,19.42863149557889,0.43528683686076924
2.4,20.18483137418762,0.44908105546851795
2.4,20.970464013232306,0.4631815137261113
2.4,21.78667499262031,0.4775840535737829
2.4,22.634654480442535,0.49228333373089234
2.4,23.51563896843162,0.5072727309593759
2.4,24.430913074967698,0.5225442363501112
2.4,25.381811418260433,0.538088346656737
2.4,26.36972056243903,0.5538939507475871
2.4,27.396081039387713,0.5699482113001972
2.4,28.46238944927516,0.5862364419246562
2.4,29.57020064284039,0.6027419799729308
2.4,30.72112998861756,0.6194460553720509
2.4,31.91685572840536,0.63632765591057
2.4,33.15912142441615,0.6533633895109835
2.4,34.44973850167255,0.6705273441367483
2.4,35.79058888935919,0.6877909461122174
2.4,37.183627764980834,0.7051228177781516
2.4,38.630886405328674,0.7224886355654992
2.4,40.13447514841151,0.7398509897468243
2.4,41.696586470671186,0.7571692473187508
2.4,43.3194981839689,0.7743994196814307
2.4,45.00557675700493,0.7914940370121967
2.4,46.75728076601392,0.8084020314815412
2.4,48.57716447976802,0.825068631730014
2.4,50.46788158411559,0.8414352713148167
2.4,52.432189051485715,0.8574395141444842
2.4,54.47295116100161,0.8730150002479765
2.4,56.59314367506428,0.8880914155697569
2.4,58.79585817849745,0.902594489842841
2.4,61.084306586579785,0.9164460269645935
2.4,63.46182582853888,0.9295639726819337
2.4,65.93188271333541,0.9418625247785847
2.4,68.49807898483373,0.9532522913414896
2.4,71.16415657372873,0.9636405030594157
2.4,73.93400305388836,0.9729312858650957
2.4,76.81165731106701,0.981026000562959
2.4,79.80131543225696,0.9878236563748143
2.4,82.907336824264,0.9932214055714713
2.4,86.13425057043031,0.9971151265222714
2.4,89.48676203477277,0.9994001025672219
2.4,92.96975972316797,0.9999718040756401
2.4,96.58832241158689,0.9987267808758755
2.4,100.34772655177481,0.9955636718940657
2.4,104.25345396517405,0.9903843382949954
2.4,108.3111998363099,0.9830951256396797
2.4,112.52688101729382,0.9736082595251685
2.4,116.90664465555432,0.961843377810765
2.4,121.4568771573752,0.9477292008190279
2.4,126.18421350031333,0.9312053387832038
2.4,131.09554690807232,0.9122242332495852
2.4,136.1980389019418,0.8907532260863058
2.4,141.49912974345744,0.8667767461539164
2.4,147.0065492835106,0.8402985995148968
2.4,152.7283282337253,0.8113443442617134
2.4,158.67280987653885,0.7799637255960937
2.4,164.84866223106258,0.7462331406769546
2.4,171.26489069246026,0.7102580959674657
2.4,177.93085116327626,0.6721756123677355
2.4,184.85626369585918,0.6321565253594497
2.4,192.05122666577714,0.5904076187820922
2.4,199.52623149688787,0.5471735218156036
