sigma_Lc_rel,trim,image_rej_dB_med,carrier_supp_dB_med,V_med,V_p5
0.0,0.0,35.91997297257397,38.92187914562805,0.9996062341887887,0.9977463266189405
0.0,1.0,294.6433974866927,38.92299034338858,0.9998620289014336,0.9998620289014336
0.01,0.0,35.89462060106421,38.920270325398704,0.9996046828943919,0.9977425868406985
0.01,1.0,52.78172163093793,38.922399001496075,0.9998567397154005,0.9998076761507727
0.02,0.0,34.23124599097464,38.91787330366392,0.9994846017163492,0.99746527621351
0.02,1.0,47.796047447221575,38.92112719918935,0.9998453581739024,0.999668248934888
0.03,0.0,34.60515954661308,38.91500255236995,0.999515572382212,0.9976450429274352
0.03,1.0,42.3501151094533,38.916469116852326,0.9998036015852969,0.9994570670451078
0.04,0.0,32.85505214066107,38.908470774035465,0.999343414440636,0.9967722491221996
0.04,1.0,40.151214759508036,38.91218647757286,0.9997651124746731,0.9990442398358215
0.05,0.0,32.03229052083817,38.90378753557063,0.9992354960131808,0.997048262982723
0.05,1.0,38.45473423704515,38.9070472416266,0.9997188004380282,0.99875998882051
0.06,0.0,30.926501304529147,38.89728995740442,0.999053164660791,0.9965717930183853
0.06,1.0,37.29925667502994,38.90221749421946,0.9996751533492209,0.9983268915578508
0.07,0.0,30.634552694471168,38.89115623174915,0.9989969965553532,0.9960951171066207
0.07,1.0,37.10841444039119,38.9012891233967,0.9996667496498062,0.9976665767099586
0.08,0.0,30.337690938985965,38.89158497104022,0.9989373658896333,0.9955449375285792
0.08,1.0,35.55510790941876,38.89203582665346,0.9995827442921691,0.9968225179193889
0.09,0.0,29.23625756668359,38.85439835017743,0.9986690589197121,0.9954826362534545
0.09,1.0,33.91217538836201,38.878003096134314,0.9994545031302089,0.995849278304624
0.1,0.0,28.72719515298883,38.85364199066367,0.9985230876380149,0.9939056271557963
0.1,1.0,32.855295351908154,38.865813609933454,0.9993422711221327,0.9948280151449621
