case,P_pump_W,n_cav,C,eta,Nadd_per_nth
A: Shao2019 single-res,9.999999999999999e-06,43.912135390197435,1.7478185467808847e-06,1.7827686857987087e-07,4.88235294117647
A: Shao2019 single-res,1.0473708979594486e-05,45.99229267494797,1.8306142808120736e-06,1.867219730103851e-07,4.88235294117647
A: Shao2019 single-res,1.096985797892384e-05,48.17098887817412,1.9173321231115356e-06,1.9556712662238954e-07,4.88235294117647
A: Shao2019 single-res,1.1489510001873086e-05,50.45289187692785,2.0081578674698257e-06,2.0483127981400403e-07,4.88235294117647
A: Shao2019 single-res,1.2033778407775906e-05,52.842890669789014,2.1032861088962073e-06,2.1453428065251923e-07,4.88235294117647
A: Shao2019 single-res,1.2603829296797274e-05,55.34610585158988,2.202920660540256e-06,2.2469691739505226e-07,4.88235294117647
A: Shao2019 single-res,1.3200884008314168e-05,57.967900584338395,2.307274990363469e-06,2.3534096302318442e-07,4.88235294117647
A: Shao2019 single-res,1.3826221737646564e-05,60.71389208784269,2.4165726784963703e-06,2.4648922188695203e-07,4.88235294117647
A: Shao2019 single-res,1.448118227674533e-05,63.58996367465685,2.5310478962610124e-06,2.581655785580804e-07,4.88235294117647
A: Shao2019 single-res,1.516716888470924e-05,66.6022773551342,2.6509459078852757e-06,2.703950489971005e-07,4.88235294117647
A: Shao2019 single-res,1.5885651294280525e-05,69.75728703959116,2.776523595983727e-06,2.832038341439009e-07,4.88235294117647
A: Shao2019 single-res,1.6638168860761273e-05,73.06175236587161,2.908050011931073e-06,2.966193760465009e-07,4.88235294117647
A: Shao2019 single-res,1.742633386009651e-05,76.522753181934,3.045806952307241e-06,3.106704166482267e-07,4.88235294117647
A: Shao2019 single-res,1.8251834943190425e-05,80.14770471449145,3.1900895626491667e-06,3.253870593591799e-07,4.88235294117647
A: Shao2019 single-res,1.9116440753857038e-05,83.94437345620581,3.3412069698029284e-06,3.4080083354385337e-07,4.88235294117647
A: Shao2019 single-res,2.0022003718155845e-05,87.92089380546959,3.4994829442308615e-06,3.569447620629629e-07,4.88235294117647
A: Shao2019 single-res,2.0970464013232305e-05,92.08578549443202,3.665256593692853e-06,3.7385343201413485e-07,4.88235294117647
A: Shao2019 single-res,2.1963853724165468e-05,96.44797184260462,3.83888308978788e-06,3.9156306882290633e-07,4.88235294117647
A: Shao2019 single-res,2.3004301197729168e-05,101.01679887515644,4.0207344289124775e-06,4.1011161384267167e-07,4.88235294117647
A: Shao2019 single-res,2.409403560239527e-05,105.80205534686183,4.2112002292665396e-06,4.2953880562973604e-07,4.88235294117647
A: Shao2019 single-res,2.523539170434766e-05,110.81399371459797,4.410688565613932e-06,4.4988626506745846e-07,4.88235294117647
A: Shao2019 single-res,2.643081486974103e-05,116.06335210333117,4.619626843586536e-06,4.7119758452175076e-07,4.88235294117647
A: Shao2019 single-res,2.7682866303920665e-05,121.56137731264987,4.838462715404814e-06,4.935184212187763e-07,4.88235294117647
A: Shao2019 single-res,2.899422853882875e-05,127.31984891313748,5.0676650389768545e-06,5.168965950447576e-07,4.88235294117647
A: Shao2019 single-res,3.0367711180354606e-05,133.3511044842144,5.307724882430902e-06,5.413821909772481e-07,4.88235294117647
A: Shao2019 single-res,3.180625692794119e-05,139.66806604751585,5.559156576233362e-06,5.670276663671186e-07,4.88235294117647
A: Shao2019 single-res,3.33129478793467e-05,146.28426775244628,5.82249881514671e-06,5.938879633009053e-07,4.88235294117647
A: Shao2019 single-res,3.489101213406774e-05,153.21388487322042,6.09831581238805e-06,6.220206262840067e-07,4.88235294117647
A: Shao2019 single-res,3.654383070957255e-05,160.47176417952045,6.387198508461176e-06,6.514859254965984e-07,4.88235294117647
A: Shao2019 single-res,3.827494478516315e-05,168.07345574584156,6.689765837252247e-06,6.823469858860814e-07,4.88235294117647
A: Shao2019 single-res,4.008806328898465e-05,176.03524626766975,7.0066660521013274e-06,7.146699223722825e-07,4.88235294117647
A: Shao2019 single-res,4.1987070844439056e-05,184.3741939558819,7.338578114691353e-06,7.485239814547892e-07,4.88235294117647
A: Shao2019 single-res,4.397603609302721e-05,193.108165084122,7.686213149729856e-06,7.839816895253868e-07,4.88235294117647
A: Shao2019 single-res,4.6059220411451034e-05,202.2558722674583,8.05031596854028e-06,8.211190082029663e-07,4.88235294117647
A: Shao2019 single-res,4.824108704165374e-05,211.8369145543398,8.43166666482734e-06,8.600154970232526e-07,4.88235294117647
A: Shao2019 single-res,5.0526310653356795e-05,221.87181941773784,8.83108228603496e-06,9.007544838313854e-07,4.88235294117647
A: Shao2019 single-res,5.2919787359584364e-05,232.38208673545276,9.249418583878217e-06,9.434232432419098e-07,4.88235294117647
A: Shao2019 single-res,5.542664520663107e-05,243.3902348538021,9.687571847799359e-06,9.88113183547882e-07,4.88235294117647
A: Shao2019 single-res,5.8052255160948955e-05,254.91984883338782,1.0146480825276293e-05,1.0349200424789017e-06,4.88235294117647
A: Shao2019 single-res,6.080224261649427e-05,266.9956309803129,1.0627128733097982e-05,1.0839440922267625e-06,4.88235294117647
A: Shao2019 single-res,6.368249944718586e-05,279.6434537710998,1.1130545363915488e-05,1.1352903541771526e-06,4.88235294117647
A: Shao2019 single-res,6.669919663030115e-05,292.8904152847184,1.1657809292582544e-05,1.1890688238066526e-06,4.88235294117647
A: Shao2019 single-res,6.985879746785249e-05,306.76489726047197,1.221005018701221e-05,1.2453947062258434e-06,4.88235294117647
A: Shao2019 single-res,7.316807143427192e-05,321.2966259061386,1.2788451228500913e-05,1.3043886628721713e-06,4.88235294117647
A: Shao2019 single-res,7.663410868007462e-05,336.51673558665414,1.339425164670564e-05,1.3661770698799386e-06,4.88235294117647
A: Shao2019 single-res,8.026433522257174e-05,352.45783552977633,1.4028749374704915e-05,1.430892288679693e-06,4.88235294117647
A: Shao2019 single-res,8.406652885618316e-05,369.1540796916654,1.4693303829832732e-05,1.4986729494054113e-06,4.88235294117647
A: Shao2019 single-res,8.804883581643464e-05,386.64123993205436,1.5389338826242946e-05,1.5696642477151315e-06,4.88235294117647
A: Shao2019 single-res,9.221978823334323e-05,404.95678265579045,1.6118345625444288e-05,1.6440182556592812e-06,4.88235294117647
A: Shao2019 single-res,9.658832241158708e-05,424.1399490849653,1.688188613134237e-05,1.7218942472609604e-06,4.88235294117647
A: Shao2019 single-res,0.0001011637979766207,444.23183933359496,1.7681596236633222e-05,1.8034590395036256e-06,4.88235294117647
A: Shao2019 single-res,0.00010595601792776158,465.27550046500534,1.8519189327718965e-05,1.8888873494546337e-06,4.88235294117647
A: Shao2019 single-res,0.00011097524964120722,487.31601872056507,1.939645995565407e-05,1.97836216828726e-06,4.88235294117647
A: Shao2019 single-res,0.00011623224686798518,510.4006161173818,2.0315287680987896e-05,2.0720751529999373e-06,4.88235294117647
A: Shao2019 single-res,0.00012173827277396621,534.5787516219191,2.1277641100740864e-05,2.170227036669037e-06,4.88235294117647
A: Shao2019 single-res,0.00012750512407130128,559.9022271162904,2.2285582066141818e-05,2.2730280581109173e-06,4.88235294117647
A: Shao2019 single-res,0.00013354515629298989,586.4252983842849,2.334127010016397e-05,2.3806984118703676e-06,4.88235294117647
A: Shao2019 single-res,0.00013987131026472387,614.2047913548867,2.444696702432279e-05,2.493468719495569e-06,4.88235294117647
A: Shao2019 single-res,0.00014649713983072847,643.3002238523635,2.5605041804649992e-05,2.611580523105158e-06,4.88235294117647
A: Shao2019 single-res,0.00015343684089300132,673.7739331137657,2.6817975627225544e-05,2.7352868023001797e-06,4.88235294117647
A: Shao2019 single-res,0.00016070528182616383,705.6912093470341,2.8088367214141818e-05,2.8648525155232805e-06,4.88235294117647
A: Shao2019 single-res,0.00016831803533309567,739.1204356158933,2.941893839129049e-05,3.000555167019531e-06,4.88235294117647
A: Shao2019 single-res,0.0001762914118095948,774.1332343511978,3.0812539919899645e-05,3.142685400607334e-06,4.88235294117647
A: Shao2019 single-res,0.00018464249428955425,810.8046208026664,3.2272157604316654e-05,3.29154762152497e-06,4.88235294117647
A: Shao2019 single-res,0.00019338917504552322,849.2131637597608,3.380091868912205e-05,3.4474606476776464e-06,4.88235294117647
A: Shao2019 single-res,0.00020255019392306664,889.441153886045,3.540209855928008e-05,3.6107583916722627e-06,4.88235294117647
A: Shao2019 single-res,0.00021214517849106298,931.5747800277157,3.707912775768211e-05,3.7817905750923615e-06,4.88235294117647
A: Shao2019 single-res,0.00022219468609395237,975.7043138740055,3.883559933511666e-05,3.960923476533755e-06,4.88235294117647
A: Shao2019 single-res,0.00023272024789604073,1021.9243033651252,4.067527654841452e-05,4.1485407149929e-06,4.88235294117647
A: Shao2019 single-res,0.00024374441501222218,1070.3337752621171,4.260210092326189e-05,4.3450440702747266e-06,4.88235294117647
A: Shao2019 single-res,0.00025529080682395165,1121.0364473126103,4.4620200698955864e-05,4.5508543421647205e-06,4.88235294117647
A: Shao2019 single-res,0.0002673841615839947,1174.14095046708,4.673389967319626e-05,4.766412250192098e-06,4.88235294117647
A: Shao2019 single-res,0.0002800503894183631,1229.7610616216677,4.8947726465862426e-05,4.992179375896188e-06,4.88235294117647
A: Shao2019 single-res,0.0002933166278390042,1288.015947386251,5.12664242216238e-05,5.228639149597984e-06,4.88235294117647
A: Shao2019 single-res,0.0003072112998861759,1349.03041940003,5.369496077217225e-05,5.4762978837724945e-06,4.88235294117647
A: Shao2019 single-res,0.0003217641750250735,1412.9352017416213,5.623853927984744e-05,5.735685855215231e-06,4.88235294117647
A: Shao2019 single-res,0.00033700643292719284,1479.8672110066382,5.890260938546157e-05,6.007358438299384e-06,4.88235294117647
A: Shao2019 single-res,0.00035297073027306503,1549.9698496527692,6.169287888420561e-05,6.291897291726797e-06,4.88235294117647
A: Shao2019 single-res,0.0003696912707195028,1623.393313240894,6.4615325954654e-05,6.589911601288643e-06,4.88235294117647
A: Shao2019 single-res,0.0003872038781812557,1700.2949122304815,6.767621196706852e-05,6.902039381268823e-06,4.88235294117647
A: Shao2019 single-res,0.00040554607358408274,1780.8394090187214,7.088209489844251e-05,7.228948837245936e-06,4.88235294117647
A: Shao2019 single-res,0.00042475715525368984,1865.199370945514,7.423984338302869e-05,7.571339793178185e-06,4.88235294117647
A: Shao2019 single-res,0.0004448782831127585,1953.555540020604,7.775665142845166e-05,7.929945185789535e-06,4.88235294117647
A: Shao2019 single-res,0.0004659525668664682,2046.0972201650377,8.144005382893735e-05,8.305532629416474e-06,4.88235294117647
A: Shao2019 single-res,0.0004880251583654434,2143.0226827965894,8.529794230868001e-05,8.698906054620801e-06,4.88235294117647
A: Shao2019 single-res,0.0005111433483440165,2244.539591628131,8.933858242993546e-05,9.110907424027953e-06,4.88235294117647
A: Shao2019 single-res,0.0005353566677410725,2350.865447589092,9.357063130206584e-05,9.54241852901061e-06,4.88235294117647
A: Shao2019 single-res,0.0005607169938205458,2462.22805482323,9.800315612947727e-05,9.994362871004911e-06,4.88235294117647
A: Shao2019 single-res,0.0005872786613189483,2578.8660087611565,0.00010264565363819075,1.0467707631422483e-05,4.88235294117647
A: Shao2019 single-res,0.0006150985788580504,2701.029207313274,0.00010750807042266649,1.0963465734303924e-05,4.88235294117647
A: Shao2019 single-res,0.000644236350872137,2828.9793862784018,0.00011260082425647587,1.1482698006051695e-05,4.88235294117647
A: Shao2019 single-res,0.0006747544053110693,2962.990680115183,0.00011793482641247933,1.2026515436779848e-05,4.88235294117647
A: Shao2019 single-res,0.0007067181273927492,3103.3502092777203,0.00012352150504033033,1.2596081548027343e-05,4.88235294117647
A: Shao2019 single-res,0.0007401959996915645,3250.358695373852,0.00012937282965139342,1.3192614871800063e-05,4.88235294117647
A: Shao2019 single-res,0.0007752597488629464,3404.3311054640167,0.00013550133676353487,1.3817391546134613e-05,4.88235294117647
A: Shao2019 single-res,0.0008119844993184008,3565.597326881129,0.00014192015676072912,1.447174803261532e-05,4.88235294117647
A: Shao2019 single-res,0.0008504489341802677,3734.5028740173025,0.00014864304202503081,1.5157083961524562e-05,4.88235294117647
A: Shao2019 single-res,0.000890735463861044,3911.4096285916485,0.00015568439640118077,1.5874865110565928e-05,4.88235294117647
A: Shao2019 single-res,0.0009329304026284687,4096.696614985272,0.00016305930605697955,1.6626626523371625e-05,4.88235294117647
A: Shao2019 single-res,0.00097712415353465,4290.760812304563,0.00017078357180554346,1.7413975774287364e-05,4.88235294117647
A: Shao2019 single-res,0.0010234114021054528,4494.018004912643,0.00017887374295869402,1.8238596386224175e-05,4.88235294117647
A: Shao2019 single-res,0.0010718913192051276,4706.90367325129,0.00018734715278401513,1.9102251408674103e-05,4.88235294117647
A: Shao2019 single-res,0.0011226677735108135,4929.873926861836,0.0001962219556415402,2.000678716330807e-05,4.88235294117647
A: Shao2019 single-res,0.0011758495540521569,5163.406481604159,0.00020551716587963918,2.095413716490974e-05,4.88235294117647
A: Shao2019 single-res,0.0012315506032928262,5408.001683167391,0.00021525269857343893,2.1946326225748014e-05,4.88235294117647
A: Shao2019 single-res,0.001289890261253308,5664.18357906524,0.00022544941219305726,2.2985474751855485e-05,4.88235294117647
A: Shao2019 single-res,0.0013509935211980266,5932.501041412731,0.00023612915329307248,2.4073803240059655e-05,4.88235294117647
A: Shao2019 single-res,0.0014149912974345759,6213.528942889822,0.00024731480331896994,2.5213636985008797e-05,4.88235294117647
A: Shao2019 single-res,0.0014820207057988585,6507.869388411544,0.0002590303276308542,2.640741100584726e-05,4.88235294117647
A: Shao2019 single-res,0.001552225357427048,6816.153005143414,0.0002713008268494583,2.7657675202622972e-05,4.88235294117647
A: Shao2019 single-res,0.0016257556664437951,7139.040293626059,0.00028415259063445825,2.89670997529571e-05,4.88235294117647
A: Shao2019 single-res,0.0017027691722258996,7477.223042903812,0.0002976131540103162,3.0338480759970384e-05,4.88235294117647
A: Shao2019 single-res,0.0017834308769319094,7831.425812689255,0.0003117113563603289,3.177474616294417e-05,4.88235294117647
A: Shao2019 single-res,0.0018679135990207828,8202.407485739157,0.00032647740321527555,3.327896192269649e-05,4.88235294117647
A: Shao2019 single-res,0.001956398343517065,8590.962893767935,0.0003419429309690527,3.4854338494177575e-05,4.88235294117647
A: Shao2019 single-res,0.0020490746898158482,8997.924520382034,0.00035814107465994286,3.650423759933012e-05,4.88235294117647
A: Shao2019 single-res,0.0021461411978584036,9424.164284683873,0.00037510653896274623,3.823217931382572e-05,4.88235294117647
A: Shao2019 single-res,0.002247805833548725,9870.595409366722,0.0003928756725438728,4.004184948187356e-05,4.88235294117647
A: Shao2019 single-res,0.0023542864143224177,10338.174377302845,0.00041148654593869884,4.1937107473904656e-05,4.88235294117647
A: Shao2019 single-res,0.002465811075822604,10827.902980817058,0.00043097903311804743,4.3921994302566776e-05,4.88235294117647
A: Shao2019 single-res,0.0025826187606826775,11340.830468036165,0.0004513948969185448,4.600074111311645e-05,4.88235294117647
A: Shao2019 single-res,0.0027049597304631343,11878.055790912911,0.00047277787851988885,4.81777780649729e-05,4.88235294117647
A: Shao2019 single-res,0.002833096101839324,12440.729959740898,0.0004951737911607397,5.045774362189853e-05,4.88235294117647
A: Shao2019 single-res,0.0029673024081888696,13030.058509204855,0.0005186306182940089,5.284549426899489e-05,4.88235294117647
A: Shao2019 single-res,0.003107866187782014,13647.304081250055,0.0005431986163918609,5.5346114675454294e-05,4.88235294117647
A: Shao2019 single-res,0.00325508859983506,14293.789130304534,0.0005689304226206739,5.7964928322779185e-05,4.88235294117647
A: Shao2019 single-res,0.003409285069746811,14970.898756650065,0.0005958811676166637,6.070750861898159e-05,4.88235294117647
A: Shao2019 single-res,0.003570785964900463,15680.083674012594,0.0006241085936037908,6.357969052009918e-05,4.88235294117647
A: Shao2019 single-res,0.0037399373024787977,16422.863317729873,0.0006536731781070113,6.658758268121123e-05,4.88235294117647
A: Shao2019 single-res,0.0039171014908092605,17200.829100156046,0.0006846382635259479,6.973758016001546e-05,4.88235294117647
A: Shao2019 single-res,0.004102658105827195,18015.647820277474,0.0007170701928465703,7.30363776969199e-05,4.88235294117647
A: Shao2019 single-res,0.00429700470432084,18869.065234845202,0.0007510384517816677,7.649098359652983e-05,4.88235294117647
A: Shao2019 single-res,0.004500557675700498,19762.909798675253,0.00078661581764464,8.01087342363532e-05,4.88235294117647
A: Shao2019 single-res,0.004713753134116724,20699.096582130107,0.0008238785152755734,8.389730922951733e-05,4.88235294117647
A: Shao2019 single-res,0.004937047852839003,21679.631374174984,0.0008629063803536754,8.78647472692784e-05,4.88235294117647
A: Shao2019 single-res,0.005170920242896761,22706.614979799517,0.0009037830304459677,9.20194626841153e-05,4.88235294117647
A: Shao2019 single-res,0.0054158713780794706,23782.24772101209,0.0009465960441587048,9.637026273322974e-05,4.88235294117647
A: Shao2019 single-res,0.005672426068491977,24908.83415105051,0.0009914371487753655,0.00010092636567331746,4.88235294117647
A: Shao2019 single-res,0.0059411339849650335,26088.78799190878,0.0010384024167832111,0.00010569741962853831,4.88235294117647
A: Shao2019 single-res,0.006222570836730231,27324.637305759206,0.0010875924717094947,0.0001106935222966844,4.88235294117647
A: Shao2019 single-res,0.006517339604882427,28619.0299113493,0.0011391127037083104,0.00011592524152562877,4.88235294117647
A: Shao2019 single-res,0.006826071834272386,29974.739056978236,0.001193073495359989,0.00012140363679522282,4.88235294117647
A: Shao2019 single-res,0.007149428986597577,31394.66936220749,0.0012495904581668112,0.00012714028164090228,4.88235294117647
A: Shao2019 single-res,0.007488103857590023,32881.86304103528,0.0013087846802517329,0.00013314728705634724,4.88235294117647
A: Shao2019 single-res,0.007842822061337682,34439.50641986876,0.0013707829857908293,0.00013943732591362274,4.88235294117647
A: Shao2019 single-res,0.00821434358491943,36070.93676425817,0.0014357182067352761,0.00014602365844028941,4.88235294117647
A: Shao2019 single-res,0.008603464416684501,37779.649429019584,0.0015037294674050564,0.0001529201587940216,4.88235294117647
A: Shao2019 single-res,0.009011018251665018,39569.30534706545,0.0015749624825641179,0.00016014134277628667,4.88235294117647
A: Shao2019 single-res,0.009437878277775381,41443.7388729876,0.0016495698696156243,0.00016770239672762096,4.88235294117647
A: Shao2019 single-res,0.009884959046625586,43406.96599819797,0.001727711475586169,0.00017561920764797392,4.88235294117647
A: Shao2019 single-res,0.010353218432956626,45463.19295522792,0.0018095547195995322,0.00018390839458647316,4.88235294117647
A: Shao2019 single-res,0.010843659686896108,47616.82522962078,0.0018952749515737217,0.0001925873413457731,4.88235294117647
A: Shao2019 single-res,0.01135733358343105,49872.47699872606,0.00198505582790982,0.0002016742305468848,4.88235294117647
A: Shao2019 single-res,0.011895340673703195,52234.981017617705,0.0020790897049775465,0.00021118807910101628,4.88235294117647
A: Shao2019 single-res,0.012458833642950081,54709.39897331707,0.0021775780512405802,0.0002211487751354795,4.88235294117647
A: Shao2019 single-res,0.01304901978014403,57301.032329504895,0.0022807318789046355,0.00023157711642111573,4.88235294117647
A: Shao2019 single-res,0.013667163564620072,60015.433684957,0.0023887721960130916,0.0002424948503489341,4.88235294117647
A: Shao2019 single-res,0.014314589375234785,62858.418670039166,0.0025019304799587957,0.0002539247155037287,4.88235294117647
A: Shao2019 single-res,0.014992684327860455,65836.07840674996,0.002620449173426561,0.0002658904848823293,4.88235294117647
A: Shao2019 single-res,0.015702901247293774,68954.79255900643,0.0027445822038288745,0.0002784170108037744,4.88235294117647
A: Shao2019 single-res,0.016446761779946643,72221.24300113415,0.0028745955273477733,0.00029153027155812643,4.88235294117647
A: Shao2019 single-res,0.017225859653987874,75642.4281338455,0.0030107676987484555,0.0003052574198397382,4.88235294117647
A: Shao2019 single-res,0.018041864093920716,79225.67787837882,0.003153390468185472,0.00031962683300960275,4.88235294117647
A: Shao2019 single-res,0.018896523396912095,82978.66938092375,0.003302769406280189,0.00033466816522984694,4.88235294117647
A: Shao2019 single-res,0.019791668678535573,86909.44346097842,0.003459224558808681,0.00035041240151146126,4.88235294117647
A: Shao2019 single-res,0.02072921779595372,91026.42183888098,0.0036230911324028284,0.0003668919137139669,4.88235294117647
A: Shao2019 single-res,0.021711179456945052,95338.42517942443,0.0037947202127336693,0.00038414051853279504,4.88235294117647
A: Shao2019 single-res,0.022739657523579274,99854.69199021347,0.003974479516715733,0.00040219353750669396,4.88235294117647
A: Shao2019 single-res,0.023816855519761582,104584.89841525417,0.004162754180343999,0.00042108785907340405,4.88235294117647
A: Shao2019 single-res,0.024945081352303167,109539.1789661826,0.004359947583851347,0.00044086200269707204,4.88235294117647
A: Shao2019 single-res,0.026126752255633292,114728.14823555153,0.004566482215954518,0.0004615561850853735,4.88235294117647
A: Shao2019 single-res,0.02736439997074672,120162.92363869447,0.004782800579040142,0.0004832123885079525,4.88235294117647
A: Shao2019 single-res,0.0286606761694825,125855.14923289209,0.005009366137230245,0.0005058744312205398,4.88235294117647
A: Shao2019 single-res,0.03001835813575589,131817.02066487476,0.0052466643093585005,0.0005295880399908456,4.88235294117647
A: Shao2019 single-res,0.031440354715915,138061.3113001092,0.005495203508984609,0.0005544009247129386,4.88235294117647
A: Shao2019 single-res,0.03292971255097151,144601.39958985447,0.005755516233675128,0.0005803628550862678,4.88235294117647
A: Shao2019 single-res,0.0344896226040576,151451.29773461912,0.006028160205884511,0.0006075257393235576,4.88235294117647
A: Shao2019 single-res,0.0361234269970943,158625.68170543184,0.006313719567880675,0.0006359437048384663,4.88235294117647
A: Shao2019 single-res,0.03783462617131929,166139.922687248,0.0066128061332753315,0.0006656731808489744,4.88235294117647
A: Shao2019 single-res,0.03962688638701478,174010.1200118565,0.006926060697840341,0.0006967729828158034,4.88235294117647
A: Shao2019 single-res,0.04150404757850477,182253.13565084973,0.007254154412418692,0.0007293043986166708,4.88235294117647
A: Shao2019 single-res,0.043470131581250265,190886.6303425559,0.007597790220871469,0.0007633312763366309,4.88235294117647
A: Shao2019 single-res,0.04552935074866948,199929.1014303361,0.007957704366141669,0.0007989201135319971,4.88235294117647
A: Shao2019 single-res,0.04768611697714469,209399.922493317,0.00833466796766163,0.0008361401478002398,4.88235294117647
A: Shao2019 single-res,0.0499450511585514,219319.38485446465,0.008729488673483627,0.0008750634484605358,4.88235294117647
A: Shao2019 single-res,0.05231099308056263,229708.74105493477,0.00914301239067339,0.0009157650091192003,4.88235294117647
A: Shao2019 single-res,0.05478901179593945,240590.25038784175,0.009576125097673966,0.0009583228408607864,4.88235294117647
A: Shao2019 single-res,0.05738441648302393,251987.22658900244,0.010029754742522797,0.001002818065768974,4.88235294117647
A: Shao2019 single-res,0.06010276782070382,263924.08778683475,0.010504873230989146,0.0010493350104413322,4.88235294117647
A: Shao2019 single-res,0.06294988990221888,276426.40881842584,0.011002498508891293,0.0010979612991182728,4.88235294117647
A: Shao2019 single-res,0.06593188271333549,289520.97602386057,0.011523696743054977,0.001148787945998874,4.88235294117647
A: Shao2019 single-res,0.0690551352016233,303235.8446362071,0.012069584605585871,0.0012019094462644721,4.88235294117647
A: Shao2019 single-res,0.07232633896483534,317600.3988901162,0.012641331666350019,0.0012574238652746674,4.88235294117647
A: Shao2019 single-res,0.07575250258771912,332645.41497782036,0.013240162898788243,0.0013154329253395435,4.88235294117647
A: Shao2019 single-res,0.07934096665797492,348403.1269874135,0.013867361304433237,0.0013760420894061,4.88235294117647
A: Shao2019 single-res,0.08309941949353396,364907.29596468754,0.014524270661752367,0.0014393606409259243,4.88235294117647
A: Shao2019 single-res,0.08703591361485166,382193.2822464895,0.015212298405205663,0.0015055017590947955,4.88235294117647
A: Shao2019 single-res,0.09115888299750828,400298.12122057506,0.015932918640687358,0.0015745825885729004,4.88235294117647
A: Shao2019 single-res,0.09547716114208056,419260.6026742739,0.016687675303811555,0.0016467243027065209,4.88235294117647
A: Shao2019 single-res,0.1,439121.3539019744,0.01747818546780885,0.0017220521591782376,4.88235294117647
B: + double resonance,9.999999999999999e-06,78439.58329166693,0.003122101834964374,0.00031647516691966763,4.88235294117647
B: + double resonance,1.0473708979594486e-05,82155.33678775815,0.003269998602407479,0.0003313691607661203,4.88235294117647
B: + double resonance,1.096985797892384e-05,86047.10886355535,0.00342490137252967,0.0003469592676394685,4.88235294117647
B: + double resonance,1.1489510001873086e-05,90123.23767723641,0.00358714202596895,0.00036327755576817206,4.88235294117647
B: + double resonance,1.2033778407775906e-05,94392.45637302013,0.0037570681648471838,0.0003803575255534508,4.88235294117647
B: + double resonance,1.2603829296797274e-05,98863.91179200816,0.0039350438575108514,0.0003982341691389324,4.88235294117647
B: + double resonance,1.3200884008314168e-05,103547.18406937932,0.004121450418550954,0.0004169440320228717,4.88235294117647
B: + double resonance,1.3826221737646564e-05,108452.30715991837,0.004316687225773066,0.0004365252767374856,4.88235294117647
B: + double resonance,1.448118227674533e-05,113589.79033585763,0.004521172575868017,0.0004570177486146278,4.88235294117647
B: + double resonance,1.516716888470924e-05,118970.64070309297,0.0047353445806165295,0.0004784630436508711,4.88235294117647
B: + double resonance,1.5885651294280525e-05,124606.3867840094,0.004959662105547743,0.0005009045784779781,4.88235294117647
B: + double resonance,1.6638168860761273e-05,130509.1032174503,0.005194605753062988,0.0005243876624367515,4.88235294117647
B: + double resonance,1.742633386009651e-05,136691.4366287436,0.005440678892130913,0.0005489595717430807,4.88235294117647
B: + double resonance,1.8251834943190425e-05,143166.63272521424,0.005698408736760171,0.0005746696257247189,4.88235294117647
B: + double resonance,1.9116440753857038e-05,149948.5646752385,0.0059683474755604805,0.0006015692650957363,4.88235294117647
B: + double resonance,2.0022003718155845e-05,157051.76283163505,0.006251073454811789,0.0006297121322224999,4.88235294117647
B: + double resonance,2.0970464013232305e-05,164491.44586308394,0.006547192417576696,0.0006591541533205431,4.88235294117647
B: + double resonance,2.1963853724165468e-05,172283.5533602666,0.006857338801510611,0.0006899536225053455,4.88235294117647
B: + double resonance,2.3004301197729168e-05,180444.77998658706,0.007182177098150341,0.0007221712876019769,4.88235294117647
B: + double resonance,2.409403560239527e-05,188992.61124664723,0.007522403276593524,0.0007558704375984885,4.88235294117647
B: + double resonance,2.523539170434766e-05,197945.36094910192,0.007878746274618858,0.0007911169916056083,4.88235294117647
B: + double resonance,2.643081486974103e-05,207322.21044416804,0.008251969560442215,0.0008279795891607909,4.88235294117647
B: + double resonance,2.7682866303920665e-05,217143.24971984647,0.008642872768454414,0.000866529681687464,4.88235294117647
B: + double resonance,2.899422853882875e-05,227429.52044490847,0.009052293412445369,0.0009068416248905298,4.88235294117647
B: + double resonance,3.0367711180354606e-05,238203.06105087107,0.009481108679985327,0.0009489927718363613,4.88235294117647
B: + double resonance,3.180625692794119e-05,249486.95394954013,0.009930237311807354,0.0009930635664296002,4.88235294117647
B: + double resonance,3.33129478793467e-05,261305.3749872975,0.01040064157021809,0.0010391376369597804,4.88235294117647
B: + double resonance,3.489101213406774e-05,273683.64524207683,0.010893329300753719,0.0010873018893478201,4.88235294117647
B: + double resonance,3.654383070957255e-05,286648.28527400916,0.01140935609149839,0.001137646599675686,4.88235294117647
B: + double resonance,3.827494478516315e-05,300227.07194597577,0.011949827534691796,0.0011902655055316617,4.88235294117647
B: + double resonance,4.008806328898465e-05,314449.0979357927,0.012515901595470696,0.0012452558956483235,4.88235294117647
B: + double resonance,4.1987070844439056e-05,329344.83406754973,0.01310879109282024,0.0013027186972506023,4.88235294117647
B: + double resonance,4.397603609302721e-05,344946.1945956359,0.013729766298049981,0.0013627585604664891,4.88235294117647
B: + double resonance,4.6059220411451034e-05,361286.60558132594,0.014380157656361985,0.0014254839390831534,4.88235294117647
B: + double resonance,4.824108704165374e-05,378401.0765084353,0.015061358637342323,0.0014910071668561313,4.88235294117647
B: + double resonance,5.0526310653356795e-05,396326.27529146185,0.01577482872048253,0.001559444528498326,4.88235294117647
B: + double resonance,5.2919787359584364e-05,415100.6068369421,0.01652209652212828,0.0016309163243892221,4.88235294117647
B: + double resonance,5.542664520663107e-05,434764.2953263209,0.017304763070554226,0.0017055469279519738,4.88235294117647
B: + double resonance,5.8052255160948955e-05,455359.4703966357,0.018124505236181882,0.0017834648345475012,4.88235294117647
B: + double resonance,6.080224261649427e-05,476930.25740366435,0.01898307932429059,0.0018648027006298146,4.88235294117647
B: + double resonance,6.368249944718586e-05,499522.8719609068,0.01988232483791767,0.0019496973717953883,4.88235294117647
B: + double resonance,6.669919663030115e-05,523185.71895697765,0.020824168419011285,0.002038289898242095,4.88235294117647
B: + double resonance,6.985879746785249e-05,547969.4962635306,0.021810627976278685,0.0021307255360291325,4.88235294117647
B: + double resonance,7.316807143427192e-05,573927.3033559208,0.02284381700857448,0.0022271537323995992,4.88235294117647
B: + double resonance,7.663410868007462e-05,601114.7550793369,0.023925949133092025,0.0023277280932915514,4.88235294117647
B: + double resonance,8.026433522257174e-05,629590.1008041193,0.02505934282805869,0.002432606331021968,4.88235294117647
B: + double resonance,8.406652885618316e-05,659414.34922559,0.026246426400097493,0.0025419501899819753,4.88235294117647
B: + double resonance,8.804883581643464e-05,690651.3990757532,0.027489743186896752,0.0026559253480308797,4.88235294117647
B: + double resonance,9.221978823334323e-05,723368.1760269213,0.028791957006334693,0.0027747012911226105,4.88235294117647
B: + double resonance,9.658832241158708e-05,757634.7760806064,0.03015585786373466,0.002898451158541751,4.88235294117647
B: + double resonance,0.0001011637979766207,793524.6157488506,0.03158436792947728,0.003027351555968472,4.88235294117647
B: + double resonance,0.00010595601792776158,831114.589349801,0.033080547799778266,0.003161582333434791,4.88235294117647
B: + double resonance,0.00011097524964120722,870485.2337545005,0.03464760305404427,0.0033013263250792745,4.88235294117647
B: + double resonance,0.00011623224686798518,911720.9009378918,0.036288891122856874,0.0034467690474569816,4.88235294117647
B: + double resonance,0.00012173827277396621,954909.9387037192,0.03800792848129935,0.0035980983530176295,4.88235294117647
B: + double resonance,0.00012750512407130128,1000144.8799705163,0.039808398183037,0.0037555040352309243,4.88235294117647
B: + double resonance,0.00013354515629298989,1047522.641024266,0.04169415775129479,0.0039191773817175935,4.88235294117647
B: + double resonance,0.00013987131026472387,1097144.7291624395,0.043669247443636566,0.004089310671640108,4.88235294117647
B: + double resonance,0.00014649713983072847,1149117.4601743405,0.045737898908255,0.004266096613524693,4.88235294117647
B: + double resonance,0.00015343684089300132,1203552.1861236824,0.04790454425031762,0.004449727719628847,4.88235294117647
B: + double resonance,0.00016070528182616383,1260565.5339214187,0.050173825527793314,0.004640395612942467,4.88235294117647
B: + double resonance,0.00016831803533309567,1320279.6552000095,0.05255060469710565,0.004838290262921822,4.88235294117647
B: + double resonance,0.0001762914118095948,1382822.4880244266,0.05503997402991962,0.005043599146109055,4.88235294117647
B: + double resonance,0.00018464249428955425,1448328.0310006626,0.057647267023381646,0.005256506327894367,4.88235294117647
B: + double resonance,0.00019338917504552322,1516936.6303690076,0.06037806982718748,0.005477191461839176,4.88235294117647
B: + double resonance,0.00020255019392306664,1588795.2806971676,0.06323823321195961,0.00570582870320535,4.88235294117647
B: + double resonance,0.00021214517849106298,1664057.9398175282,0.06623388510457923,0.0059425855336362595,4.88235294117647
B: + double resonance,0.00022219468609395237,1742885.8586832364,0.0693714437173262,0.006187621494317789,4.88235294117647
B: + double resonance,0.00023272024789604073,1825447.9268498865,0.07265763129895929,0.006441086825421803,4.88235294117647
B: + double resonance,0.00024374441501222218,1911921.0343229831,0.07609948853719768,0.006703121010209184,4.88235294117647
B: + double resonance,0.00025529080682395165,2002490.4505464209,0.07970438964345951,0.006973851222853085,4.88235294117647
B: + double resonance,0.0002673841615839947,2097350.2213440277,0.08348005815218003,0.007253390679846374,4.88235294117647
B: + double resonance,0.0002800503894183631,2196703.5846645455,0.08743458346855591,0.007541836895785614,4.88235294117647
B: + double resonance,0.0002933166278390042,2300763.4060208444,0.09157643820017176,0.007839269845388755,4.88235294117647
B: + double resonance,0.0003072112998861759,2409752.6345562963,0.09591449630964204,0.008145750034808498,4.88235294117647
B: + double resonance,0.0003217641750250735,2523904.780715375,0.10045805212715803,0.008461316486655282,4.88235294117647
B: + double resonance,0.00033700643292719284,2643464.416542011,0.1052168402636787,0.008785984644646213,4.88235294117647
B: + double resonance,0.00035297073027306503,2768687.6996774585,0.11020105646742517,0.009119744205449368,4.88235294117647
B: + double resonance,0.0003696912707195028,2899842.922180463,0.11542137946836713,0.009462556887096756,4.88235294117647
B: + double resonance,0.0003872038781812557,3037211.085345506,0.12088899385750204,0.009814354145287842,4.88235294117647
B: + double resonance,0.00040554607358408274,3181086.5017507146,0.1266156140499462,0.010175034850991038,4.88235294117647
B: + double resonance,0.00042475715525368984,3331777.4258253304,0.13261350938317928,0.010544462944960312,4.88235294117647
B: + double resonance,0.0004448782831127585,3489606.7142877006,0.13889553040421437,0.010922465087099476,4.88235294117647
B: + double resonance,0.0004659525668664682,3654912.517868834,0.14547513640201606,0.011308828321005972,4.88235294117647
B: + double resonance,0.0004880251583654434,3828049.0058035143,0.15236642424415303,0.011703297776478497,4.88235294117647
B: + double resonance,0.0005111433483440165,4009387.1246412015,0.15958415857946884,0.012105574435244982,4.88235294117647
B: + double resonance,0.0005353566677410725,4199315.393002512,0.1671438034714816,0.012515312987615837,4.88235294117647
B: + double resonance,0.0005607169938205458,4398240.733983979,0.17506155553028332,0.012932119810144251,4.88235294117647
B: + double resonance,0.0005872786613189483,4606589.34699463,0.18335437861393103,0.013355551096625897,4.88235294117647
B: + double resonance,0.0006150985788580504,4824807.620892201,0.19204004017366982,0.013785111176830692,4.88235294117647
B: + double resonance,0.000644236350872137,5053363.090375455,0.20113714932086513,0.014220251059164518,4.88235294117647
B: + double resonance,0.0006747544053110693,5292745.437681681,0.21066519669719846,0.014660367234933186,4.88235294117647
B: + double resonance,0.0007067181273927492,5543467.541735443,0.2206445962335489,0.015104800782948702,4.88235294117647
B: + double resonance,0.0007401959996915645,5806066.576996514,0.23109672888703228,0.015552836813799584,4.88235294117647
B: + double resonance,0.0007752597488629464,6081105.164361187,0.24204398844990246,0.01600370429311981,4.88235294117647
B: + double resonance,0.0008119844993184008,6369172.576582816,0.2535098295284608,0.016456576282557495,4.88235294117647
B: + double resonance,0.0008504489341802677,6670886.000794249,0.26551881779477104,0.016910570635787613,4.88235294117647
B: + double resonance,0.000890735463861044,6986891.860836995,0.2780966826188409,0.01736475118476357,4.88235294117647
B: + double resonance,0.0009329304026284687,7317867.202230413,0.2912703721940394,0.017818129448401592,4.88235294117647
B: + double resonance,0.00097712415353465,7664521.142748075,0.3050681112738543,0.018269666891991537,4.88235294117647
B: + double resonance,0.0010234114021054528,8027596.39170923,0.3195194616436897,0.018718277760798884,4.88235294117647
B: + double resonance,0.0010718913192051276,8407870.841240535,0.3346553854572712,0.019162832505554558,4.88235294117647
B: + double resonance,0.0011226677735108135,8806159.232917173,0.35050831157334805,0.019602161810832453,4.88235294117647
B: + double resonance,0.0011758495540521569,9223314.903354358,0.36711220503482805,0.020035061229730634,4.88235294117647
B: + double resonance,0.0012315506032928262,9660231.61248903,0.3845026398392015,0.020460296419863615,4.88235294117647
B: + double resonance,0.001289890261253308,10117845.458468886,0.4027168751561629,0.02087660896653902,4.88235294117647
B: + double resonance,0.0013509935211980266,10597136.883251501,0.4217939351557342,0.021282722769258303,4.88235294117647
B: + double resonance,0.0014149912974345759,11099132.773210326,0.44177469261791097,0.021677350957504553,4.88235294117647
B: + double resonance,0.0014820207057988585,11624908.659248458,0.4627019565029814,0.022059203291349857,4.88235294117647
B: + double resonance,0.001552225357427048,12175591.02113364,0.48462056367012196,0.022426993991940796,4.88235294117647
B: + double resonance,0.0016257556664437951,12752359.700991753,0.5075774749407901,0.0227794499366415,4.88235294117647
B: + double resonance,0.0017027691722258996,13356450.431129621,0.531621875712725,0.023115319143781406,4.88235294117647
B: + double resonance,0.0017834308769319094,13989157.48160311,0.5568052813401239,0.023433379462833966,4.88235294117647
B: + double resonance,0.0018679135990207828,14651836.433202803,0.5831816475057694,0.023732447377710013,4.88235294117647
B: + double resonance,0.001956398343517065,15345907.081798604,0.6108074858215892,0.024011386823947455,4.88235294117647
B: + double resonance,0.0020490746898158482,16072856.48026568,0.6397419849053118,0.02426911791516424,4.88235294117647
B: + double resonance,0.0021461411978584036,16834242.12450921,0.6700471371926365,0.024504625470437236,4.88235294117647
B: + double resonance,0.002247805833548725,17631695.290414006,0.7017878717566102,0.024716967232466212,4.88235294117647
B: + double resonance,0.0023542864143224177,18466924.528868314,0.7350321934187716,0.024905281666626,4.88235294117647
B: + double resonance,0.002465811075822604,19341719.326350197,0.7698513284501232,0.025068795233400356,4.88235294117647
B: + double resonance,0.0025826187606826775,20257953.938919052,0.8063198771740806,0.025206829031268398,4.88235294117647
B: + double resonance,0.0027049597304631343,21217591.407826796,0.8445159737983692,0.025318804713860818,4.88235294117647
B: + double resonance,0.002833096101839324,22222687.765352257,0.884521453818297,0.025404249594036577,4.88235294117647
B: + double resonance,0.0029673024081888696,23275396.439869475,0.9264220293500678,0.025462800858306173,4.88235294117647
B: + double resonance,0.003107866187782014,24377972.869588263,0.9703074727697958,0.025494208827540426,4.88235294117647
B: + double resonance,0.00325508859983506,25532779.334851768,1.0162718090516658,0.025498339213894144,4.88235294117647
B: + double resonance,0.003409285069746811,26742290.019344147,1.0644135172173164,0.025475174339033093,4.88235294117647
B: + double resonance,0.003570785964900463,28009096.311052516,1.114835741328077,0.025424813294734123,4.88235294117647
B: + double resonance,0.0037399373024787977,29335912.35433978,1.1676465114720769,0.02534747104335856,4.88235294117647
B: + double resonance,0.0039171014908092605,30725580.865024567,1.2229589752197276,0.025243476472188314,4.88235294117647
B: + double resonance,0.004102658105827195,32181079.220926475,1.280891640043455,0.025113269431771165,4.88235294117647
B: + double resonance,0.00429700470432084,33705525.84092592,1.3415686272210645,0.024957396803868857,4.88235294117647
B: + double resonance,0.004500557675700498,35302186.86620601,1.4051199377667525,0.024776507658978597,4.88235294117647
B: + double resonance,0.004713753134116724,36974483.15799048,1.4716817309594894,0.024571347576389305,4.88235294117647
B: + double resonance,0.004937047852839003,38725997.62677104,1.5413966160655583,0.024342752211058822,4.88235294117647
B: + double resonance,0.005170920242896761,40560482.90872671,1.6144139578802403,0.024091640201037108,4.88235294117647
B: + double resonance,0.0054158713780794706,42481869.40578196,1.6908901967432952,0.023819005516550296,4.88235294117647
B: + double resonance,0.005672426068491977,44494273.70652993,1.7709891837138556,0.02352590935709817,4.88235294117647
B: + double resonance,0.0059411339849650335,46602007.40606179,1.8548825316228539,0.023213471705968467,4.88235294117647
B: + double resonance,0.006222570836730231,48809586.343599856,1.942749982755126,0.022882862652456523,4.88235294117647
B: + double resonance,0.006517339604882427,51121740.27772547,2.0347797939489416,0.022535293590881456,4.88235294117647
B: + double resonance,0.006826071834272386,53543423.01993105,2.1311691399380446,0.0221720084023423,4.88235294117647
B: + double resonance,0.007149428986597577,56079823.048207864,2.232124535800378,0.021794274720238146,4.88235294117647
B: + double resonance,0.007488103857590023,58736374.623408504,2.337862279418562,0.021403375374099465,4.88235294117647
B: + double resonance,0.007842822061337682,61518769.432202004,2.4486089149001455,0.02100060009848244,4.88235294117647
B: + double resonance,0.00821434358491943,64432968.78156575,2.564601717950479,0.02058723758482617,4.88235294117647
B: + double resonance,0.008603464416684501,67485216.37094165,2.686089204238138,0.020164567944526784,4.88235294117647
B: + double resonance,0.009011018251665018,70682051.66942091,2.813331661842083,0.019733855641310954,4.88235294117647
B: + double resonance,0.009437878277775381,74030323.92661761,2.946601708921293,0.01929634294055139,4.88235294117647
B: + double resonance,0.009884959046625586,77537206.84725043,3.0861848778017436,0.018853243912698634,4.88235294117647
B: + double resonance,0.010353218432956626,81210213.96087228,3.232380226732088,0.018405739017729572,4.88235294117647
B: + double resonance,0.010843659686896108,85057214.71967782,3.3855009806187555,0.017954970287627433,4.88235294117647
B: + double resonance,0.01135733358343105,89086451.35887861,3.54587520211326,0.017502037114577467,4.88235294117647
B: + double resonance,0.011895340673703195,93306556.55576952,3.71384649448951,0.01704799264392324,4.88235294117647
B: + double resonance,0.012458833642950081,97726571.9253205,3.8897747378170333,0.016593840763086534,4.88235294117647
B: + double resonance,0.01304901978014403,102355967.39192168,4.07403686000741,0.016140533670683386,4.88235294117647
B: + double resonance,0.013667163564620072,107204661.47878517,4.267027644385857,0.015688970004017713,4.88235294117647
B: + double resonance,0.014314589375234785,112283042.55847396,4.469160575518208,0.015239993498020434,4.88235294117647
B: + double resonance,0.014992684327860455,117601991.11008796,4.6808687251054755,0.014794392144523782,4.88235294117647
B: + double resonance,0.015702901247293774,123172903.03079204,4.902605679844026,0.014352897817491383,4.88235294117647
B: + double resonance,0.016446761779946643,129007714.0516329,5.134846513239336,0.013916186327423556,4.88235294117647
B: + double resonance,0.017225859653987874,135118925.30995467,5.378088803455432,0.013484877866567541,4.88235294117647
B: + double resonance,0.018041864093920716,141519630.13320288,5.632853699380773,0.01305953780571779,4.88235294117647
B: + double resonance,0.018896523396912095,148223542.09150192,5.899687037194648,0.012640677803217227,4.88235294117647
B: + double resonance,0.019791668678535573,155245024.3791067,6.179160509826285,0.01222875718718847,4.88235294117647
B: + double resonance,0.02072921779595372,162599120.58768162,6.471872891812329,0.011824184572952779,4.88235294117647
B: + double resonance,0.021711179456945052,170301586.93733695,6.778451322176899,0.011427319678955102,4.88235294117647
B: + double resonance,0.022739657523579274,178368926.03447768,7.099552648082828,0.011038475306225573,4.88235294117647
B: + double resonance,0.023816855519761582,186818422.2287936,7.435864832132903,0.010657919448399266,4.88235294117647
B: + double resonance,0.024945081352303167,195668178.6451392,7.788108426336132,0.010285877501515515,4.88235294117647
B: + double resonance,0.026126752255633292,204937155.96964946,8.157038115897231,0.009922534545162499,4.88235294117647
B: + double resonance,0.02736439997074672,214645213.07318753,8.543444336136739,0.009568037668965803,4.88235294117647
B: + double resonance,0.0286606761694825,224813149.55916163,8.948154966006104,0.0092224983208886,4.88235294117647
B: + double resonance,0.03001835813575589,235462750.3268712,9.372037101826123,0.008885994656274135,4.88235294117647
B: + double resonance,0.031440354715915,246616832.24585676,9.815998915048905,0.008558573868979638,4.88235294117647
B: + double resonance,0.03292971255097151,258299293.04125798,10.280991598023755,0.008240254488294178,4.88235294117647
B: + double resonance,0.0344896226040576,270535162.49491346,10.768011401935699,0.007931028627577219,4.88235294117647
B: + double resonance,0.0361234269970943,283350656.0719029,11.278101771282973,0.007630864172678663,4.88235294117647
B: + double resonance,0.03783462617131929,296773231.0874281,11.812355579466711,0.00733970690019294,4.88235294117647
B: + double resonance,0.03962688638701478,310831645.53436685,12.371917470282364,0.007057482517447491,4.88235294117647
B: + double resonance,0.04150404757850477,325556019.6975432,12.957986310329847,0.006784098617825228,4.88235294117647
B: + double resonance,0.043470131581250265,340977900.68672013,13.571817757596426,0.006519446546568612,4.88235294117647
B: + double resonance,0.04552935074866948,357130330.0265777,14.214726951715758,0.006263403173609763,4.88235294117647
B: + double resonance,0.04768611697714469,374047914.44849133,14.888091331666924,0.006015832571220549,4.88235294117647
B: + double resonance,0.0499450511585514,391766900.03577584,15.593353586950286,0.005776587595382343,4.88235294117647
B: + double resonance,0.05231099308056263,410325249.8812606,16.332024748563327,0.005545511370744592,4.88235294117647
B: + double resonance,0.05478901179593945,429762725.42357147,17.105687426398735,0.005322438679881348,4.88235294117647
B: + double resonance,0.05738441648302393,450120971.63638604,17.915999200000893,0.00510719725827385,4.88235294117647
B: + double resonance,0.06010276782070382,471443606.25318164,18.764696169945722,0.004899608997053832,4.88235294117647
B: + double resonance,0.06294988990221888,493776313.21863616,19.653596677452295,0.004699491056046025,4.88235294117647
B: + double resonance,0.06593188271333549,517166940.5669094,20.584605200196062,0.004506656890057407,4.88235294117647
B: + double resonance,0.0690551352016233,541665602.9365052,21.559716432670104,0.004320917191685453,4.88235294117647
B: + double resonance,0.07232633896483534,567324788.9413537,22.581019559836776,0.004142080754165582,4.88235294117647
B: + double resonance,0.07575250258771912,594199473.6281608,23.650702733226133,0.003969955257958503,4.88235294117647
B: + double resonance,0.07934096665797492,622347236.2609593,24.771057759071073,0.003804347984898621,4.88235294117647
B: + double resonance,0.08309941949353396,651828383.6852227,25.94448500852367,0.00364506646379302,4.88235294117647
B: + double resonance,0.08703591361485166,682706079.5358485,27.17349856047292,0.0034919190513837553,4.88235294117647
B: + double resonance,0.09115888299750828,715046479.5658371,28.460731587982334,0.003344715452570563,4.88235294117647
B: + double resonance,0.09547716114208056,748918873.3856133,29.8089419998879,0.0032032671837428444,4.88235294117647
B: + double resonance,0.1,784395832.9166694,31.22101834964374,0.0030673879829941336,4.88235294117647
C: B + critical IDT/optics (design),9.999999999999999e-06,261465.27763888973,0.010407006116547914,0.010193729662840061,1.0
C: B + critical IDT/optics (design),1.0473708979594486e-05,273851.1226258605,0.010899995341358262,0.010666204922699835,1.0
C: B + critical IDT/optics (design),1.096985797892384e-05,286823.69621185126,0.011416337908432238,0.01116006914481599,1.0
C: B + critical IDT/optics (design),1.1489510001873086e-05,300410.7922574547,0.011957140086563166,0.011676241779635685,1.0
C: B + critical IDT/optics (design),1.2033778407775906e-05,314641.5212434004,0.01252356054949061,0.012215677104224958,1.0
C: B + critical IDT/optics (design),1.2603829296797274e-05,329546.37264002726,0.013116812858369506,0.012779365078284215,1.0
C: B + critical IDT/optics (design),1.3200884008314168e-05,345157.2802312645,0.01373816806183651,0.013368332171278125,1.0
C: B + critical IDT/optics (design),1.3826221737646564e-05,361507.6905330612,0.014388957419243552,0.013983642153638471,1.0
C: B + critical IDT/optics (design),1.448118227674533e-05,378632.6344528588,0.015070575252893398,0.01462639684426138,1.0
C: B + critical IDT/optics (design),1.516716888470924e-05,396568.80234364315,0.01578448193538843,0.015297736805727801,1.0
C: B + critical IDT/optics (design),1.5885651294280525e-05,415354.6226133647,0.01653220701849248,0.01599884197782641,1.0
C: B + critical IDT/optics (design),1.6638168860761273e-05,435030.3440581677,0.01731535251020996,0.0167309322390509,1.0
C: B + critical IDT/optics (design),1.742633386009651e-05,455638.122095812,0.018135596307103045,0.01749526788477451,1.0
C: B + critical IDT/optics (design),1.8251834943190425e-05,477222.1090840475,0.01899469578920057,0.01829315000977606,1.0
C: B + critical IDT/optics (design),1.9116440753857038e-05,499828.5489174619,0.019894491585201606,0.01912592078170047,1.0
C: B + critical IDT/optics (design),2.0022003718155845e-05,523505.87610545015,0.020836911516039298,0.01999496359088189,1.0
C: B + critical IDT/optics (design),2.0970464013232305e-05,548304.8195436131,0.021823974725255657,0.02090170306074518,1.0
C: B + critical IDT/optics (design),2.1963853724165468e-05,574278.5112008888,0.022857796005035378,0.021847604901724257,1.0
C: B + critical IDT/optics (design),2.3004301197729168e-05,601482.5999552902,0.0239405903271678,0.02283417559030538,1.0
C: B + critical IDT/optics (design),2.409403560239527e-05,629975.3708221574,0.025074677588645077,0.023862961853417478,1.0
C: B + critical IDT/optics (design),2.523539170434766e-05,659817.8698303398,0.02626248758206287,0.024935549936955473,1.0
C: B + critical IDT/optics (design),2.643081486974103e-05,691074.0348138935,0.02750656520147405,0.02605356463574772,1.0
C: B + critical IDT/optics (design),2.7682866303920665e-05,723810.8323994884,0.028809575894848054,0.027218668060766442,1.0
C: B + critical IDT/optics (design),2.899422853882875e-05,758098.4014830282,0.0301743113748179,0.028432558117845397,1.0
C: B + critical IDT/optics (design),3.0367711180354606e-05,794010.2035029035,0.0316036955999511,0.029696966670625734,1.0
C: B + critical IDT/optics (design),3.180625692794119e-05,831623.1798318005,0.03310079103935784,0.03101365735890647,1.0
C: B + critical IDT/optics (design),3.33129478793467e-05,871017.9166243249,0.034668805234060296,0.03238442304206071,1.0
C: B + critical IDT/optics (design),3.489101213406774e-05,912278.8174735894,0.03631109766917905,0.03381108283569979,1.0
C: B + critical IDT/optics (design),3.654383070957255e-05,955494.2842466973,0.038031186971661315,0.03529547870836191,1.0
C: B + critical IDT/optics (design),3.827494478516315e-05,1000756.906486586,0.03983275844897266,0.036839471603690846,1.0
C: B + critical IDT/optics (design),4.008806328898465e-05,1048163.6597859758,0.041719671984902326,0.03844493705238456,1.0
C: B + critical IDT/optics (design),4.1987070844439056e-05,1097816.1135584994,0.043695970309400804,0.04011376023718157,1.0
C: B + critical IDT/optics (design),4.397603609302721e-05,1149820.6486521198,0.045765887660166614,0.04184783047333839,1.0
C: B + critical IDT/optics (design),4.6059220411451034e-05,1204288.6852710866,0.04793385885453996,0.04364903506649776,1.0
C: B + critical IDT/optics (design),4.824108704165374e-05,1261336.9216947844,0.05020452879114109,0.045519252509597014,1.0
C: B + critical IDT/optics (design),5.0526310653356795e-05,1321087.584304873,0.05258276240160843,0.0474603449805731,1.0
C: B + critical IDT/optics (design),5.2919787359584364e-05,1383668.6894564738,0.05507365507376097,0.049474150103161016,1.0
C: B + critical IDT/optics (design),5.542664520663107e-05,1449214.3177544035,0.05768254356851409,0.05156247193410365,1.0
C: B + critical IDT/optics (design),5.8052255160948955e-05,1517864.9013221192,0.060415017453939616,0.053727071141685664,1.0
C: B + critical IDT/optics (design),6.080224261649427e-05,1589767.524678881,0.06327693108096863,0.05596965434273497,1.0
C: B + critical IDT/optics (design),6.368249944718586e-05,1665076.2398696898,0.06627441612639226,0.058291862568188677,1.0
C: B + critical IDT/optics (design),6.669919663030115e-05,1743952.3965232593,0.06941389473003763,0.06069525883108876,1.0
C: B + critical IDT/optics (design),6.985879746785249e-05,1826564.9875451024,0.0727020932542623,0.06318131477552826,1.0
C: B + critical IDT/optics (design),7.316807143427192e-05,1913091.011186403,0.0761460566952483,0.0657513963907182,1.0
C: B + critical IDT/optics (design),7.663410868007462e-05,2003715.8502644566,0.07975316377697342,0.06840674878106641,1.0
C: B + critical IDT/optics (design),8.026433522257174e-05,2098633.6693470636,0.08353114276019562,0.07114847999103982,1.0
C: B + critical IDT/optics (design),8.406652885618316e-05,2198047.830751967,0.08748808800032501,0.0739775438927155,1.0
C: B + critical IDT/optics (design),8.804883581643464e-05,2302171.330252511,0.09163247728965586,0.07689472215436813,1.0
C: B + critical IDT/optics (design),9.221978823334323e-05,2411227.253423071,0.09597319002111566,0.07990060532028213,1.0
C: B + critical IDT/optics (design),9.658832241158708e-05,2525449.253602022,0.10051952621244889,0.08299557304524889,1.0
C: B + critical IDT/optics (design),0.0001011637979766207,2645082.0524961688,0.10528122643159094,0.08617977354195205,1.0
C: B + critical IDT/optics (design),0.00010595601792776158,2770381.9644993367,0.11026849266592753,0.0894531023156809,1.0
C: B + critical IDT/optics (design),0.00011097524964120722,2901617.445848335,0.11549201018014754,0.09281518027850516,1.0
C: B + critical IDT/optics (design),0.00011623224686798518,3039069.669792973,0.1209629704095229,0.09626533135417521,1.0
C: B + critical IDT/optics (design),0.00012173827277396621,3183033.1290123975,0.12669309493766448,0.09980255970547108,1.0
C: B + critical IDT/optics (design),0.00012750512407130128,3333816.2665683883,0.13269466061012333,0.10342552673740041,1.0
C: B + critical IDT/optics (design),0.00013354515629298989,3491742.1367475525,0.13898052583764928,0.1071325280523669,1.0
C: B + critical IDT/optics (design),0.00013987131026472387,3657149.097208132,0.14556415814545529,0.11092147055694837,1.0
C: B + critical IDT/optics (design),0.00014649713983072847,3830391.5339144687,0.15245966302751668,0.11478984994398722,1.0
C: B + critical IDT/optics (design),0.00015343684089300132,4011840.620412275,0.15968181416772542,0.11873472879792149,1.0
C: B + critical IDT/optics (design),0.00016070528182616383,4201885.113071396,0.16724608509264435,0.12275271559528689,1.0
C: B + critical IDT/optics (design),0.00016831803533309567,4400932.184000032,0.17516868232368552,0.12683994489561595,1.0
C: B + critical IDT/optics (design),0.0001762914118095948,4609408.293414757,0.1834665800997321,0.13099205903998948,1.0
C: B + critical IDT/optics (design),0.00018464249428955425,4827760.103335543,0.19215755674460547,0.13520419169468376,1.0
C: B + critical IDT/optics (design),0.00019338917504552322,5056455.434563358,0.20126023275729157,0.13947095359500344,1.0
C: B + critical IDT/optics (design),0.00020255019392306664,5295984.268990559,0.21079411070653212,0.1437864208588022,1.0
C: B + critical IDT/optics (design),0.00021214517849106298,5546859.799391761,0.2207796170152642,0.14814412624960938,1.0
C: B + critical IDT/optics (design),0.00022219468609395237,5809619.528944122,0.2312381457244206,0.1525370537749024,1.0
C: B + critical IDT/optics (design),0.00023272024789604073,6084826.422832955,0.24219210432986438,0.15695763700512264,1.0
C: B + critical IDT/optics (design),0.00024374441501222218,6373070.114409946,0.2536649617906591,0.16139776149273183,1.0
C: B + critical IDT/optics (design),0.00025529080682395165,6674968.168488071,0.26568129881153185,0.16584877165719614,1.0
C: B + critical IDT/optics (design),0.0002673841615839947,6991167.404480094,0.2782668605072669,0.1703014824806213,1.0
C: B + critical IDT/optics (design),0.0002800503894183631,7322345.282215152,0.29144861156185314,0.1747461963292089,1.0
C: B + critical IDT/optics (design),0.0002933166278390042,7669211.353402816,0.30525479400057254,0.1791727251773639,1.0
C: B + critical IDT/optics (design),0.0003072112998861759,8032508.781854321,0.31971498769880674,0.18357041846380937,1.0
C: B + critical IDT/optics (design),0.0003217641750250735,8413015.935717918,0.33486017375719346,0.1879281967523939,1.0
C: B + critical IDT/optics (design),0.00033700643292719284,8811548.055140035,0.35072280087892893,0.19223459130451348,1.0
C: B + critical IDT/optics (design),0.00035297073027306503,9228958.998924864,0.36733685489141726,0.19647778959559056,1.0
C: B + critical IDT/optics (design),0.0003696912707195028,9666143.073934877,0.3847379315612236,0.2006456867255287,1.0
C: B + critical IDT/optics (design),0.0003872038781812557,10124036.95115169,0.40296331285834036,0.2047259425834202,1.0
C: B + critical IDT/optics (design),0.00040554607358408274,10603621.672502382,0.422052046833154,0.20870604453128344,1.0
C: B + critical IDT/optics (design),0.00042475715525368984,11105924.752751103,0.4420450312772642,0.21257337527180015,1.0
C: B + critical IDT/optics (design),0.0004448782831127585,11632022.380959002,0.46298510134738136,0.21631528546273218,1.0
C: B + critical IDT/optics (design),0.0004659525668664682,12183041.726229446,0.4849171213400535,0.2199191705380287,1.0
C: B + critical IDT/optics (design),0.0004880251583654434,12760163.35267838,0.5078880808138434,0.22337255109489934,1.0
C: B + critical IDT/optics (design),0.0005111433483440165,13364623.748804005,0.5319471952648963,0.22666315610980436,1.0
C: B + critical IDT/optics (design),0.0005353566677410725,13997717.976675041,0.5571460115716051,0.22977900815700988,1.0
C: B + critical IDT/optics (design),0.0005607169938205458,14660802.446613265,0.5835385184342778,0.23270850972366297,1.0
C: B + critical IDT/optics (design),0.0005872786613189483,15355297.823315432,0.6111812620464366,0.23544052964785955,1.0
C: B + critical IDT/optics (design),0.0006150985788580504,16082692.06964067,0.6401334672455662,0.23796448865329384,1.0
C: B + critical IDT/optics (design),0.000644236350872137,16844543.63458485,0.6704571644028839,0.24027044291800237,1.0
C: B + critical IDT/optics (design),0.0006747544053110693,17642484.792272273,0.702217322323995,0.24234916459728748,1.0
C: B + critical IDT/optics (design),0.0007067181273927492,18478225.139118146,0.7354819874451631,0.2441922182235684,1.0
C: B + critical IDT/optics (design),0.0007401959996915645,19353555.25665505,0.7703224296234411,0.24579203192963317,1.0
C: B + critical IDT/optics (design),0.0007752597488629464,20270350.54787063,0.8068132948330087,0.2471419624869121,1.0
C: B + critical IDT/optics (design),0.0008119844993184008,21230575.255276058,0.8450327650948694,0.24823635321682358,1.0
C: B + critical IDT/optics (design),0.0008504489341802677,22236286.669314165,0.8850627259825703,0.24907058392010106,1.0
C: B + critical IDT/optics (design),0.000890735463861044,23289639.536123313,0.9269889420628029,0.24964111207488912,1.0
C: B + critical IDT/optics (design),0.0009329304026284687,24392890.674101382,0.9709012406467985,0.2499455046772875,1.0
C: B + critical IDT/optics (design),0.00097712415353465,25548403.809160247,1.0168937042461805,0.24998246023534937,1.0
C: B + critical IDT/optics (design),0.0010234114021054528,26758654.63903077,1.0650648721456324,0.24975182057629006,1.0
C: B + critical IDT/optics (design),0.0010718913192051276,28026236.137468453,1.115517951524238,0.2492545722834252,1.0
C: B + critical IDT/optics (design),0.0011226677735108135,29353864.10972391,1.1683610385778267,0.24849283774047148,1.0
C: B + critical IDT/optics (design),0.0011758495540521569,30744383.011181194,1.2237073501160936,0.2474698559224832,1.0
C: B + critical IDT/optics (design),0.0012315506032928262,32200772.0416301,1.2816754661306715,0.24618995323103626,1.0
C: B + critical IDT/optics (design),0.001289890261253308,33726151.528229624,1.3423895838538764,0.24465850482259077,1.0
C: B + critical IDT/optics (design),0.0013509935211980266,35323789.61083834,1.4059797838524473,0.24288188701976224,1.0
C: B + critical IDT/optics (design),0.0014149912974345759,36997109.244034424,1.47258230872637,0.2408674215223841,1.0
C: B + critical IDT/optics (design),0.0014820207057988585,38749695.53082819,1.5423398550099376,0.238623312246047,1.0
C: B + critical IDT/optics (design),0.001552225357427048,40585303.40377881,1.6154018789004065,0.23615857570807966,1.0
C: B + critical IDT/optics (design),0.0016257556664437951,42507865.66997252,1.6919249164693007,0.23348296595310888,1.0
C: B + critical IDT/optics (design),0.0017027691722258996,44521501.43709874,1.7720729190424174,0.23060689506140916,1.0
C: B + critical IDT/optics (design),0.0017834308769319094,46630524.93867704,1.8560176044670798,0.22754135031287367,1.0
C: B + critical IDT/optics (design),0.0018679135990207828,48839454.777342685,1.943938825019232,0.22429780908784433,1.0
C: B + critical IDT/optics (design),0.001956398343517065,51153023.60599535,2.0360249527386305,0.22088815257403455,1.0
C: B + critical IDT/optics (design),0.0020490746898158482,53576188.26755228,2.1324732830177053,0.2173245793176773,1.0
C: B + critical IDT/optics (design),0.0021461411978584036,56114140.415030695,2.2334904573087875,0.21361951960858758,1.0
C: B + critical IDT/optics (design),0.002247805833548725,58772317.63471336,2.339292905855367,0.20978555162513546,1.0
C: B + critical IDT/optics (design),0.0023542864143224177,61556415.096227735,2.4501073113959064,0.2058353201885622,1.0
C: B + critical IDT/optics (design),0.002465811075822604,64472397.75450066,2.5661710948337437,0.20178145888914836,1.0
C: B + critical IDT/optics (design),0.0025826187606826775,67526513.12973017,2.6877329239136016,0.197636516252108,1.0
C: B + critical IDT/optics (design),0.0027049597304631343,70725304.692756,2.815053245994564,0.19341288651130092,1.0
C: B + critical IDT/optics (design),0.002833096101839324,74075625.88450754,2.94840484606099,0.18912274545648805,1.0
C: B + critical IDT/optics (design),0.0029673024081888696,77584654.79956491,3.0880734311668925,0.18477799171723658,1.0
C: B + critical IDT/optics (design),0.003107866187782014,81259909.56529424,3.2343582425659885,0.18039019374589307,1.0
C: B + critical IDT/optics (design),0.00325508859983506,85109264.4495059,3.3875726968388866,0.17597054266519027,1.0
C: B + critical IDT/optics (design),0.003409285069746811,89140966.73114717,3.5480450573910556,0.17152981105465365,1.0
C: B + critical IDT/optics (design),0.003570785964900463,93363654.37017505,3.7161191377602565,0.16707831766537828,1.0
C: B + critical IDT/optics (design),0.0037399373024787977,97786374.51446596,3.8921550382402557,0.1626258979759684,1.0
C: B + critical IDT/optics (design),0.0039171014908092605,102418602.88341524,4.076529917399093,0.15818188043421463,1.0
C: B + critical IDT/optics (design),0.004102658105827195,107270264.06975491,4.2696388001448495,0.1537550681698767,1.0
C: B + critical IDT/optics (design),0.00429700470432084,112351752.8030864,4.4718954240702145,0.14935372591393292,1.0
C: B + critical IDT/optics (design),0.004500557675700498,117673956.22068672,4.683733125889175,0.1449855718188105,1.0
C: B + critical IDT/optics (design),0.004713753134116724,123248277.19330163,4.905605769864968,0.14065777384217987,1.0
C: B + critical IDT/optics (design),0.004937047852839003,129086658.75590348,5.137988720218526,0.13637695033346095,1.0
C: B + critical IDT/optics (design),0.005170920242896761,135201609.6957557,5.381379859600801,0.13214917444670715,1.0
C: B + critical IDT/optics (design),0.0054158713780794706,141606231.35260656,5.636300655810985,0.12797998199534547,1.0
C: B + critical IDT/optics (design),0.005672426068491977,148314245.6884331,5.903297279046186,0.12387438236262034,1.0
C: B + critical IDT/optics (design),0.0059411339849650335,155340024.68687263,6.18294177207618,0.11983687208576363,1.0
C: B + critical IDT/optics (design),0.006222570836730231,162698621.14533287,6.4758332758504205,0.11587145074107867,1.0
C: B + critical IDT/optics (design),0.006517339604882427,170405800.9257516,6.782599313163139,0.11198163877051374,1.0
C: B + critical IDT/optics (design),0.006826071834272386,178478076.73310354,7.103897133126818,0.10817049690712865,1.0
C: B + critical IDT/optics (design),0.007149428986597577,186932743.4940262,7.440415119334596,0.10444064687641179,1.0
C: B + critical IDT/optics (design),0.007488103857590023,195787915.4113617,7.792874264728541,0.1007942930719897,1.0
C: B + critical IDT/optics (design),0.007842822061337682,205062564.77400672,8.16202971633382,0.09723324492727585,1.0
C: B + critical IDT/optics (design),0.00821434358491943,214776562.60521922,8.548672393168264,0.0937589397284588,1.0
C: B + critical IDT/optics (design),0.008603464416684501,224950721.23647225,8.953630680793797,0.09037246563844385,1.0
C: B + critical IDT/optics (design),0.009011018251665018,235606838.8980697,9.377772206140275,0.0870745847255017,1.0
C: B + critical IDT/optics (design),0.009437878277775381,246767746.4220587,9.822005696404311,0.08386575581408089,1.0
C: B + critical IDT/optics (design),0.009884959046625586,258457356.1575014,10.287282926005812,0.08074615699820718,1.0
C: B + critical IDT/optics (design),0.010353218432956626,270700713.20290756,10.774600755773623,0.07771570767987378,1.0
C: B + critical IDT/optics (design),0.010843659686896108,283524049.06559277,11.28500326872919,0.07477409001564299,1.0
C: B + critical IDT/optics (design),0.01135733358343105,296954837.8629287,11.819584007044202,0.07192076967418051,1.0
C: B + critical IDT/optics (design),0.011895340673703195,311021855.1858984,12.379488314965034,0.06915501582554448,1.0
C: B + critical IDT/optics (design),0.012458833642950081,325755239.75106835,12.965915792723441,0.06647592029969301,1.0
C: B + critical IDT/optics (design),0.01304901978014403,341186557.9730723,13.580122866691363,0.06388241586682468,1.0
C: B + critical IDT/optics (design),0.013667163564620072,357348871.5959506,14.223425481286192,0.061373293605848124,1.0
C: B + critical IDT/optics (design),0.014314589375234785,374276808.5282466,14.897201918394025,0.058947219339503504,1.0
C: B + critical IDT/optics (design),0.014992684327860455,392006637.03362656,15.602895750351582,0.05660274912548263,1.0
C: B + critical IDT/optics (design),0.015702901247293774,410576343.4359735,16.34201893281342,0.05433834380238312,1.0
C: B + critical IDT/optics (design),0.016446761779946643,430025713.505443,17.11615504413112,0.052152382597548674,1.0
C: B + critical IDT/optics (design),0.017225859653987874,450396417.69984895,17.92696267818478,0.05004317581088132,1.0
C: B + critical IDT/optics (design),0.018041864093920716,471732100.4440097,18.77617899793591,0.04800897659464737,1.0
C: B + critical IDT/optics (design),0.018896523396912095,494078473.63833976,19.665623457315494,0.04604799185421991,1.0
C: B + critical IDT/optics (design),0.019791668678535573,517483414.59702224,20.597201699420946,0.04415839229870547,1.0
C: B + critical IDT/optics (design),0.02072921779595372,541997068.6256056,21.572909639374426,0.04233832167357041,1.0
C: B + critical IDT/optics (design),0.021711179456945052,567671956.4577899,22.59483774058967,0.0405859052098082,1.0
C: B + critical IDT/optics (design),0.022739657523579274,594563086.7815924,23.665175493609436,0.03889925732594657,1.0
C: B + critical IDT/optics (design),0.023816855519761582,622728074.0959786,24.786216107109674,0.0372764886203697,1.0
C: B + critical IDT/optics (design),0.024945081352303167,652227262.150464,25.960361421120446,0.03571571219209428,1.0
C: B + critical IDT/optics (design),0.026126752255633292,683123853.232165,27.19012705299078,0.03421504932835879,1.0
C: B + critical IDT/optics (design),0.02736439997074672,715484043.577292,28.478147787122477,0.032772634597229254,1.0
C: B + critical IDT/optics (design),0.0286606761694825,749377165.1972055,29.827183220020355,0.03138662038294713,1.0
C: B + critical IDT/optics (design),0.03001835813575589,784875834.4229041,31.240123672753754,0.030055180901000296,1.0
C: B + critical IDT/optics (design),0.031440354715915,822056107.4861894,32.71999638349636,0.028776515728934044,1.0
C: B + critical IDT/optics (design),0.03292971255097151,860997643.47086,34.269971993412526,0.027548852887778065,1.0
C: B + critical IDT/optics (design),0.0344896226040576,901783874.983045,35.893371339785666,0.026370451507686663,1.0
C: B + critical IDT/optics (design),0.0361234269970943,944502186.9063429,37.59367257094325,0.02523960411000506,1.0
C: B + critical IDT/optics (design),0.03783462617131929,989244103.6247604,39.374518598222366,0.024154638536514852,1.0
C: B + critical IDT/optics (design),0.03962688638701478,1036105485.1145562,41.23972490094121,0.023113919555103363,1.0
C: B + critical IDT/optics (design),0.04150404757850477,1085186732.325144,43.19328770109948,0.022115850169563443,1.0
C: B + critical IDT/optics (design),0.043470131581250265,1136593002.2890673,45.23939252532144,0.02115887265968533,1.0
C: B + critical IDT/optics (design),0.04552935074866948,1190434433.421926,47.38242317238586,0.020241469376263102,1.0
C: B + critical IDT/optics (design),0.04768611697714469,1246826381.4949713,49.62697110555643,0.019362163314119392,1.0
C: B + critical IDT/optics (design),0.0499450511585514,1305889666.7859197,51.97784528983429,0.01851951848476597,1.0
C: B + critical IDT/optics (design),0.05231099308056263,1367750832.9375353,54.44008249521111,0.017712140108868887,1.0
C: B + critical IDT/optics (design),0.05478901179593945,1432542418.0785718,57.0189580879958,0.016938674647289084,1.0
C: B + critical IDT/optics (design),0.05738441648302393,1500403238.7879534,59.719997333336295,0.01619780968812031,1.0
C: B + critical IDT/optics (design),0.06010276782070382,1571478687.5106056,62.54898723315239,0.015488273705856025,1.0
C: B + critical IDT/optics (design),0.06294988990221888,1645921044.0621204,65.51198892484098,0.014808835707585899,1.0
C: B + critical IDT/optics (design),0.06593188271333549,1723889801.8896983,68.6153506673202,0.014158304779950883,1.0
C: B + critical IDT/optics (design),0.0690551352016233,1805552009.7883513,71.86572144223372,0.01353552954947841,1.0
C: B + critical IDT/optics (design),0.07232633896483534,1891082629.8045127,75.27006519945591,0.012939397567872353,1.0
C: B + critical IDT/optics (design),0.07575250258771912,1980664912.09387,78.83567577742046,0.012368834632847086,1.0
C: B + critical IDT/optics (design),0.07934096665797492,2074490787.5365312,82.57019253023695,0.011822804054171543,1.0
C: B + critical IDT/optics (design),0.08309941949353396,2172761278.9507427,86.4816166950789,0.011300305873722523,1.0
C: B + critical IDT/optics (design),0.08703591361485166,2275686931.786162,90.57832853490973,0.01080037604753971,1.0
C: B + critical IDT/optics (design),0.09115888299750828,2383488265.2194576,94.86910529327449,0.010322085597121609,1.0
C: B + critical IDT/optics (design),0.09547716114208056,2496396244.618711,99.36313999962631,0.009864539736502182,1.0
C: B + critical IDT/optics (design),0.1,2614652776.3888984,104.07006116547917,0.009426876980999371,1.0
D: C + overcoupled (design),9.999999999999999e-06,470637.49975000153,0.018732611009786244,0.058482093077286836,0.11111111111111108
D: C + overcoupled (design),1.0473708979594486e-05,492932.020726549,0.019619991614444877,0.061145872094376386,0.11111111111111108
D: C + overcoupled (design),1.096985797892384e-05,516282.65318133216,0.020549408235178025,0.06392581295187667,0.11111111111111108
D: C + overcoupled (design),1.1489510001873086e-05,540739.4260634186,0.0215228521558137,0.06682649135087411,0.11111111111111108
D: C + overcoupled (design),1.2033778407775906e-05,566354.7382381208,0.0225424089890831,0.06985261631316364,0.11111111111111108
D: C + overcoupled (design),1.2603829296797274e-05,593183.4707520491,0.023610263145065116,0.07300902931795965,0.11111111111111108
D: C + overcoupled (design),1.3200884008314168e-05,621283.104416276,0.024728702511305725,0.07630070282765011,0.11111111111111108
D: C + overcoupled (design),1.3826221737646564e-05,650713.8429595102,0.025900123354638392,0.07973273813527154,0.11111111111111108
D: C + overcoupled (design),1.448118227674533e-05,681538.7420151458,0.02712703545520811,0.08331036246164003,0.11111111111111108
D: C + overcoupled (design),1.516716888470924e-05,713823.8442185578,0.02841206748369918,0.08703892522520813,0.11111111111111108
D: C + overcoupled (design),1.5885651294280525e-05,747638.3207040564,0.02975797263328646,0.09092389340276141,0.11111111111111108
D: C + overcoupled (design),1.6638168860761273e-05,783054.6193047018,0.031167634518377934,0.09497084589407304,0.11111111111111108
D: C + overcoupled (design),1.742633386009651e-05,820148.6197724616,0.032644073352785484,0.09918546679862529,0.11111111111111108
D: C + overcoupled (design),1.8251834943190425e-05,858999.7963512854,0.03419045242056104,0.103573537507561,0.11111111111111108
D: C + overcoupled (design),1.9116440753857038e-05,899691.3880514313,0.035810084853362886,0.10814092750919854,0.11111111111111108
D: C + overcoupled (design),2.0022003718155845e-05,942310.5769898102,0.03750644072887073,0.11289358380180035,0.11111111111111108
D: C + overcoupled (design),2.0970464013232305e-05,986948.6751785037,0.039283154505460174,0.11783751880294262,0.11111111111111108
D: C + overcoupled (design),2.1963853724165468e-05,1033701.3201615998,0.041144032809063674,0.12297879664085555,0.11111111111111108
D: C + overcoupled (design),2.3004301197729168e-05,1082668.6799195223,0.04309306258890203,0.1283235177096392,0.11111111111111108
D: C + overcoupled (design),2.409403560239527e-05,1133955.6674798834,0.04513441965956116,0.13387780136742206,0.11111111111111108
D: C + overcoupled (design),2.523539170434766e-05,1187672.1656946114,0.047272477647713154,0.13964776665445425,0.11111111111111108
D: C + overcoupled (design),2.643081486974103e-05,1243933.2626650082,0.04951181736265328,0.145639510907013,0.11111111111111108
D: C + overcoupled (design),2.7682866303920665e-05,1302859.4983190792,0.0518572366107265,0.15185908614296967,0.11111111111111108
D: C + overcoupled (design),2.899422853882875e-05,1364577.1226694505,0.05431376047467219,0.15831247309617588,0.11111111111111108
D: C + overcoupled (design),3.0367711180354606e-05,1429218.3663052262,0.05688665207991197,0.1650055527796522,0.11111111111111108
D: C + overcoupled (design),3.180625692794119e-05,1496921.7236972412,0.05958142387084415,0.1719440754621275,0.11111111111111108
D: C + overcoupled (design),3.33129478793467e-05,1567832.2499237848,0.062403849421308534,0.17913362694908144,0.11111111111111108
D: C + overcoupled (design),3.489101213406774e-05,1642101.871452461,0.0653599758045223,0.18657959206826147,0.11111111111111108
D: C + overcoupled (design),3.654383070957255e-05,1719889.711644055,0.06845613654899037,0.19428711527104225,0.11111111111111108
D: C + overcoupled (design),3.827494478516315e-05,1801362.4316758546,0.0716989652081508,0.20226105827518925,0.11111111111111108
D: C + overcoupled (design),4.008806328898465e-05,1886694.587614756,0.07509540957282419,0.21050595469188293,0.11111111111111108
D: C + overcoupled (design),4.1987070844439056e-05,1976069.0044052987,0.07865274655692142,0.21902596160057616,0.11111111111111108
D: C + overcoupled (design),4.397603609302721e-05,2069677.1675738154,0.08237859778829991,0.22782480805962943,0.11111111111111108
D: C + overcoupled (design),4.6059220411451034e-05,2167719.6334879557,0.08628094593817191,0.23690574056900465,0.11111111111111108
D: C + overcoupled (design),4.824108704165374e-05,2270406.4590506116,0.09036815182405396,0.24627146553386156,0.11111111111111108
D: C + overcoupled (design),5.0526310653356795e-05,2377957.6517487713,0.09464897232289518,0.25592408881485035,0.11111111111111108
D: C + overcoupled (design),5.2919787359584364e-05,2490603.6410216526,0.0991325791327697,0.26586505249251724,0.11111111111111108
D: C + overcoupled (design),5.542664520663107e-05,2608585.771957926,0.10382857842332537,0.27609506901955166,0.11111111111111108
D: C + overcoupled (design),5.8052255160948955e-05,2732156.8223798145,0.10874703141709131,0.28661405298576365,0.11111111111111108
D: C + overcoupled (design),6.080224261649427e-05,2861581.544421986,0.11389847594574352,0.29742105077660763,0.11111111111111108
D: C + overcoupled (design),6.368249944718586e-05,2997137.231765441,0.11929394902750605,0.30851416846665797,0.11111111111111108
D: C + overcoupled (design),6.669919663030115e-05,3139114.3137418665,0.12494501051406773,0.31989049835449973,0.11111111111111108
D: C + overcoupled (design),6.985879746785249e-05,3287816.977581184,0.1308637678576721,0.3315460446145759,0.11111111111111108
D: C + overcoupled (design),7.316807143427192e-05,3443563.8201355254,0.13706290205144692,0.34347564861421404,0.11111111111111108
D: C + overcoupled (design),7.663410868007462e-05,3606688.5304760216,0.14355569479855215,0.35567291451957145,0.11111111111111108
D: C + overcoupled (design),8.026433522257174e-05,3777540.6048247158,0.15035605696835216,0.36813013589176113,0.11111111111111108
D: C + overcoupled (design),8.406652885618316e-05,3956486.095353541,0.15747855840058503,0.380838224052914,0.11111111111111108
D: C + overcoupled (design),8.804883581643464e-05,4143908.3944545197,0.16493845912138053,0.3937866390800405,0.11111111111111108
D: C + overcoupled (design),9.221978823334323e-05,4340209.0561615275,0.1727517420380082,0.4069633243609124,0.11111111111111108
D: C + overcoupled (design),9.658832241158708e-05,4545808.656483639,0.18093514718240797,0.42035464571899256,0.11111111111111108
D: C + overcoupled (design),0.0001011637979766207,4761147.694493104,0.18950620757686365,0.4339453361818367,0.11111111111111108
D: C + overcoupled (design),0.00010595601792776158,4986687.536098806,0.1984832867986696,0.4477184475273059,0.11111111111111108
D: C + overcoupled (design),0.00011097524964120722,5222911.402527004,0.20788561832426558,0.4616553097919932,0.11111111111111108
D: C + overcoupled (design),0.00011623224686798518,5470325.40562735,0.21773334673714126,0.4757354999641892,0.11111111111111108
D: C + overcoupled (design),0.00012173827277396621,5729459.632222314,0.22804757088779606,0.4899368211068402,0.11111111111111108
D: C + overcoupled (design),0.00012750512407130128,6000869.279823097,0.23885038909822198,0.5042352931618364,0.11111111111111108
D: C + overcoupled (design),0.00013354515629298989,6285135.846145595,0.2501649465077687,0.5186051566729845,0.11111111111111108
D: C + overcoupled (design),0.00013987131026472387,6582868.374974638,0.26201548466181945,0.5330188906287371,0.11111111111111108
D: C + overcoupled (design),0.00014649713983072847,6894704.761046044,0.27442739344953,0.5474472455649283,0.11111111111111108
D: C + overcoupled (design),0.00015343684089300132,7221313.116742096,0.2874272655019059,0.561859292980362,0.11111111111111108
D: C + overcoupled (design),0.00016070528182616383,7563393.203528513,0.3010429531667599,0.5762224920025282,0.11111111111111108
D: C + overcoupled (design),0.00016831803533309567,7921677.931200058,0.3153036281826339,0.5905027740958836,0.11111111111111108
D: C + overcoupled (design),0.0001762914118095948,8296934.928146562,0.33023984417951785,0.6046646464304297,0.11111111111111108
D: C + overcoupled (design),0.00018464249428955425,8689968.186003976,0.34588360214028974,0.6186713143240211,0.11111111111111108
D: C + overcoupled (design),0.00019338917504552322,9101619.782214046,0.36226841896312484,0.632484822938817,0.11111111111111108
D: C + overcoupled (design),0.00020255019392306664,9532771.684183007,0.3794293992717578,0.6460662181524454,0.11111111111111108
D: C + overcoupled (design),0.00021214517849106298,9984347.638905171,0.39740331062747564,0.6593757262405784,0.11111111111111108
D: C + overcoupled (design),0.00022219468609395237,10457315.15209942,0.41622866230395705,0.6723729517033783,0.11111111111111108
D: C + overcoupled (design),0.00023272024789604073,10952687.561099319,0.4359457877937558,0.6850170922485357,0.11111111111111108
D: C + overcoupled (design),0.00024374441501222218,11471526.205937902,0.4565969312231862,0.6972671696139221,0.11111111111111108
D: C + overcoupled (design),0.00025529080682395165,12014942.703278527,0.4782263378607572,0.7090822745798447,0.11111111111111108
D: C + overcoupled (design),0.0002673841615839947,12584101.32806417,0.5008803489130805,0.720421824191809,0.11111111111111108
D: C + overcoupled (design),0.0002800503894183631,13180221.507987272,0.5246075008113354,0.7312458288974362,0.11111111111111108
D: C + overcoupled (design),0.0002933166278390042,13804580.436125066,0.5494586292010306,0.741515167004123,0.11111111111111108
D: C + overcoupled (design),0.0003072112998861759,14458515.807337778,0.5754869778578524,0.7511918635955953,0.11111111111111108
D: C + overcoupled (design),0.0003217641750250735,15143428.684292251,0.6027483127629482,0.7602393708141266,0.11111111111111108
D: C + overcoupled (design),0.00033700643292719284,15860786.499252064,0.6313010415820723,0.7686228462288839,0.11111111111111108
D: C + overcoupled (design),0.00035297073027306503,16612126.198064756,0.6612063388045512,0.7763094258769172,0.11111111111111108
D: C + overcoupled (design),0.0003696912707195028,17399057.53308278,0.6925282768102027,0.7832684884881814,0.11111111111111108
D: C + overcoupled (design),0.0003872038781812557,18223266.51207304,0.7253339631450122,0.7894719073946409,0.11111111111111108
D: C + overcoupled (design),0.00040554607358408274,19086519.010504287,0.7596936842996772,0.7948942866796712,0.11111111111111108
D: C + overcoupled (design),0.00042475715525368984,19990664.554951984,0.7956810562990755,0.799513178249412,0.11111111111111108
D: C + overcoupled (design),0.0004448782831127585,20937640.2857262,0.8333731824252864,0.8033092767024166,0.11111111111111108
D: C + overcoupled (design),0.0004659525668664682,21929475.107213005,0.8728508184120967,0.8062665891359027,0.11111111111111108
D: C + overcoupled (design),0.0004880251583654434,22968294.03482109,0.9141985454649184,0.8083725773520626,0.11111111111111108
D: C + overcoupled (design),0.0005111433483440165,24056322.747847207,0.9575049514768129,0.8096182703102933,0.11111111111111108
D: C + overcoupled (design),0.0005353566677410725,25195892.358015068,1.0028628208288894,0.8099983451030871,0.11111111111111108
D: C + overcoupled (design),0.0005607169938205458,26389444.40390388,1.0503693331817006,0.809511175205254,0.11111111111111108
D: C + overcoupled (design),0.0005872786613189483,27639536.08196778,1.100126271683586,0.8081588452475109,0.11111111111111108
D: C + overcoupled (design),0.0006150985788580504,28948845.725353204,1.152240241042019,0.8059471320844949,0.11111111111111108
D: C + overcoupled (design),0.000644236350872137,30320178.542252734,1.2068228959251908,0.8028854524518118,0.11111111111111108
D: C + overcoupled (design),0.0006747544053110693,31756472.626090083,1.2639911801831907,0.7989867780242197,0.11111111111111108
D: C + overcoupled (design),0.0007067181273927492,33260805.25041266,1.3238675774012931,0.7942675191853913,0.11111111111111108
D: C + overcoupled (design),0.0007401959996915645,34836399.46197908,1.3865803733221935,0.7887473792872468,0.11111111111111108
D: C + overcoupled (design),0.0007752597488629464,36486630.986167125,1.4522639306994154,0.7824491816030764,0.11111111111111108
D: C + overcoupled (design),0.0008119844993184008,38215035.45949691,1.5210589771707652,0.7753986715544137,0.11111111111111108
D: C + overcoupled (design),0.0008504489341802677,40025316.00476549,1.5931129067686265,0.7676242971092211,0.11111111111111108
D: C + overcoupled (design),0.000890735463861044,41921351.16502196,1.6685800957130452,0.7591569705028108,0.11111111111111108
D: C + overcoupled (design),0.0009329304026284687,43907203.21338248,1.7476222331642368,0.7500298146190955,0.11111111111111108
D: C + overcoupled (design),0.00097712415353465,45987126.856488444,1.8304086676431257,0.740277897486642,0.11111111111111108
D: C + overcoupled (design),0.0010234114021054528,48165578.350255385,1.917116769862139,0.7299379583916471,0.11111111111111108
D: C + overcoupled (design),0.0010718913192051276,50447225.04744321,2.007932312743628,0.7190481290905608,0.11111111111111108
D: C + overcoupled (design),0.0011226677735108135,52836955.39750304,2.1030498694400883,0.7076476535223337,0.11111111111111108
D: C + overcoupled (design),0.0011758495540521569,55339889.42012615,2.2026732302089687,0.6957766092795207,0.11111111111111108
D: C + overcoupled (design),0.0012315506032928262,57961389.674934186,2.307015839035209,0.6834756339051652,0.11111111111111108
D: C + overcoupled (design),0.001289890261253308,60707072.75081332,2.4163012509369772,0.6707856588459852,0.11111111111111108
D: C + overcoupled (design),0.0013509935211980266,63582821.299509,2.5307636109344043,0.6577476536199648,0.11111111111111108
D: C + overcoupled (design),0.0014149912974345759,66594796.639261976,2.650648155707467,0.6444023824564242,0.11111111111111108
D: C + overcoupled (design),0.0014820207057988585,69749451.95549074,2.7762117390178878,0.6307901753474934,0.11111111111111108
D: C + overcoupled (design),0.001552225357427048,73053546.12680185,2.9077233820207313,0.616950715119916,0.11111111111111108
D: C + overcoupled (design),0.0016257556664437951,76514158.20595053,3.045464849644742,0.6029228418031093,0.11111111111111108
D: C + overcoupled (design),0.0017027691722258996,80138702.58677773,3.189731254276351,0.5887443752406112,0.11111111111111108
D: C + overcoupled (design),0.0017834308769319094,83934944.88961866,3.3408316880407427,0.5744519565739062,0.11111111111111108
D: C + overcoupled (design),0.0018679135990207828,87911018.59921683,3.4990898850346173,0.5600809089256942,0.11111111111111108
D: C + overcoupled (design),0.001956398343517065,92075442.49079162,3.6648449149295357,0.5456651173285626,0.11111111111111108
D: C + overcoupled (design),0.0020490746898158482,96437138.88159409,3.8384519094318708,0.5312369276883575,0.11111111111111108
D: C + overcoupled (design),0.0021461411978584036,101005452.74705526,4.020282823155817,0.5168270643420128,0.11111111111111108
D: C + overcoupled (design),0.002247805833548725,105790171.74248403,4.210727230539661,0.5024645655688988,0.11111111111111108
D: C + overcoupled (design),0.0023542864143224177,110801547.17320992,4.410193160512631,0.48817673624376107,0.11111111111111108
D: C + overcoupled (design),0.002465811075822604,116050315.95810121,4.619107970700739,0.47398911667811755,0.11111111111111108
D: C + overcoupled (design),0.0025826187606826775,121547723.6335143,4.8379192630444825,0.4599254665849825,0.11111111111111108
D: C + overcoupled (design),0.0027049597304631343,127305548.44696079,5.0670958427902155,0.44600776301775236,0.11111111111111108
D: C + overcoupled (design),0.002833096101839324,133336126.59211355,5.307128722909782,0.43225621107641043,0.11111111111111108
D: C + overcoupled (design),0.0029673024081888696,139652378.63921684,5.558532176100407,0.4186892661408111,0.11111111111111108
D: C + overcoupled (design),0.003107866187782014,146267837.2175296,5.8218448366187765,0.4053236663794122,0.11111111111111108
D: C + overcoupled (design),0.00325508859983506,153196676.0091106,6.097630854309995,0.39217447428997,0.11111111111111108
D: C + overcoupled (design),0.003409285069746811,160453740.1160649,6.3864811033039,0.37925512605381906,0.11111111111111108
D: C + overcoupled (design),0.003570785964900463,168054577.8663151,6.689014447968462,0.3665774875248938,0.11111111111111108
D: C + overcoupled (design),0.0037399373024787977,176015474.12603867,7.00587906883246,0.35415191572609067,0.11111111111111108
D: C + overcoupled (design),0.0039171014908092605,184353485.19014743,7.33775385131837,0.34198732478649224,0.11111111111111108
D: C + overcoupled (design),0.004102658105827195,193086475.3255588,7.685349840260728,0.330091255321176,0.11111111111111108
D: C + overcoupled (design),0.00429700470432084,202233155.0455555,8.049411763326386,0.31846994632866743,0.11111111111111108
D: C + overcoupled (design),0.004500557675700498,211813121.1972361,8.430719626600517,0.3071284087577492,0.11111111111111108
D: C + overcoupled (design),0.004713753134116724,221846898.9479429,8.83009038575694,0.2960704999735886,0.11111111111111108
D: C + overcoupled (design),0.004937047852839003,232355985.76062626,9.248379696393345,0.2852989984315604,0.11111111111111108
D: C + overcoupled (design),0.005170920242896761,243362897.45236027,9.686483747281445,0.2748156779444892,0.11111111111111108
D: C + overcoupled (design),0.0054158713780794706,254891216.4346918,10.14534118045977,0.26462138100423993,0.11111111111111108
D: C + overcoupled (design),0.005672426068491977,266965642.23917958,10.625935102283135,0.2547160906908413,0.11111111111111108
D: C + overcoupled (design),0.0059411339849650335,279612044.43637073,11.129295189737123,0.2450990007709633,0.11111111111111108
D: C + overcoupled (design),0.006222570836730231,292857518.0615992,11.656499896530757,0.23576858365205455,0.11111111111111108
D: C + overcoupled (design),0.006517339604882427,306730441.66635287,12.208678763693651,0.22672265591850085,0.11111111111111108
D: C + overcoupled (design),0.006826071834272386,321260538.11958635,12.787014839628275,0.21795844123149477,0.11111111111111108
D: C + overcoupled (design),0.007149428986597577,336478938.28924716,13.392747214802274,0.2094726304248615,0.11111111111111108
D: C + overcoupled (design),0.007488103857590023,352418247.74045104,14.027173676511373,0.2012614386748339,0.11111111111111108
D: C + overcoupled (design),0.007842822061337682,369112616.5932121,14.691653489400878,0.19332065966277812,0.11111111111111108
D: C + overcoupled (design),0.00821434358491943,386597812.68939453,15.387610307702872,0.18564571668629742,0.11111111111111108
D: C + overcoupled (design),0.008603464416684501,404911298.22564995,16.116535225428834,0.17823171070615004,0.11111111111111108
D: C + overcoupled (design),0.009011018251665018,424092310.0165255,16.879989971052495,0.17107346534425677,0.11111111111111108
D: C + overcoupled (design),0.009437878277775381,444181943.5597057,17.67961025352776,0.16416556887198158,0.11111111111111108
D: C + overcoupled (design),0.009884959046625586,465223241.0835026,18.51710926681046,0.15750241324813857,0.11111111111111108
D: C + overcoupled (design),0.010353218432956626,487261283.7652336,19.394281360392522,0.15107823028308082,0.11111111111111108
D: C + overcoupled (design),0.010843659686896108,510343288.3180671,20.313005883712545,0.14488712501906353,0.11111111111111108
D: C + overcoupled (design),0.01135733358343105,534518708.1532716,21.275251212679564,0.1389231064281189,0.11111111111111108
D: C + overcoupled (design),0.011895340673703195,559839339.3346171,22.28307896693707,0.1331801155372369,0.11111111111111108
D: C + overcoupled (design),0.012458833642950081,586359431.551923,23.3386484269022,0.12765205109696093,0.11111111111111108
D: C + overcoupled (design),0.01304901978014403,614135804.3515302,24.444221160044457,0.122332792913858,0.11111111111111108
D: C + overcoupled (design),0.013667163564620072,643227968.8727111,25.602165866315147,0.11721622296994737,0.11111111111111108
D: C + overcoupled (design),0.014314589375234785,673698255.3508437,26.81496345310924,0.11229624445329726,0.11111111111111108
D: C + overcoupled (design),0.014992684327860455,705611946.6605278,28.085212350632844,0.10756679882383488,0.11111111111111108
D: C + overcoupled (design),0.015702901247293774,739037418.1847523,29.41563407906416,0.10302188103716708,0.11111111111111108
D: C + overcoupled (design),0.016446761779946643,774046284.3097975,30.80907907943602,0.09865555304703247,0.11111111111111108
D: C + overcoupled (design),0.017225859653987874,810713551.859728,32.2685328207326,0.0944619557040845,0.11111111111111108
D: C + overcoupled (design),0.018041864093920716,849117780.7992176,33.79712219628465,0.09043531916516769,0.11111111111111108
D: C + overcoupled (design),0.018896523396912095,889341252.5490115,35.39812222316789,0.08656997192322337,0.11111111111111108
D: C + overcoupled (design),0.019791668678535573,931470146.2746401,37.07496305895772,0.08286034856357319,0.11111111111111108
D: C + overcoupled (design),0.02072921779595372,975594723.5260898,38.83123735087397,0.07930099634765943,0.11111111111111108
D: C + overcoupled (design),0.021711179456945052,1021809521.6240216,40.670707933061394,0.0758865807204742,0.11111111111111108
D: C + overcoupled (design),0.022739657523579274,1070213556.2068661,42.59731588849698,0.07261188983295008,0.11111111111111108
D: C + overcoupled (design),0.023816855519761582,1120910533.3727617,44.61518899279742,0.06947183816557596,0.11111111111111108
D: C + overcoupled (design),0.024945081352303167,1174009071.870835,46.72865055801679,0.0664614693345099,0.11111111111111108
D: C + overcoupled (design),0.026126752255633292,1229622935.8178968,48.9422286953834,0.06357595815650974,0.11111111111111108
D: C + overcoupled (design),0.02736439997074672,1287871278.4391253,51.260666016820444,0.060810612044157726,0.11111111111111108
D: C + overcoupled (design),0.0286606761694825,1348878897.35497,53.68892979603663,0.05816087179811902,0.11111111111111108
D: C + overcoupled (design),0.03001835813575589,1412776501.9612274,56.23222261095674,0.05562231185859404,0.11111111111111108
D: C + overcoupled (design),0.031440354715915,1479700993.4751406,58.89599349029342,0.053190640073705345,0.11111111111111108
D: C + overcoupled (design),0.03292971255097151,1549795758.2475479,61.68594958814253,0.05086169703832032,0.11111111111111108
D: C + overcoupled (design),0.0344896226040576,1623210974.969481,64.60806841161421,0.04863145505276404,0.11111111111111108
D: C + overcoupled (design),0.0361234269970943,1700103936.4314172,67.66861062769784,0.04649601674702371,0.11111111111111108
D: C + overcoupled (design),0.03783462617131929,1780639386.5245686,70.87413347680027,0.04445161341239355,0.11111111111111108
D: C + overcoupled (design),0.03962688638701478,1864989873.2062013,74.23150482169419,0.04249460307905991,0.11111111111111108
D: C + overcoupled (design),0.04150404757850477,1953336118.185259,77.74791786197906,0.04062146837487321,0.11111111111111108
D: C + overcoupled (design),0.043470131581250265,2045867404.1203208,81.43090654557858,0.038828814197501706,0.11111111111111108
D: C + overcoupled (design),0.04552935074866948,2142781980.1594665,85.28836171029454,0.037113365229300616,0.11111111111111108
D: C + overcoupled (design),0.04768611697714469,2244287486.6909485,89.32854799000155,0.03547196332155696,0.11111111111111108
D: C + overcoupled (design),0.0499450511585514,2350601400.2146554,93.56012152170175,0.03390156477228014,0.11111111111111108
D: C + overcoupled (design),0.05231099308056263,2461951499.2875633,97.99214849137998,0.03239923751938878,0.11111111111111108
D: C + overcoupled (design),0.05478901179593945,2578576352.541429,102.63412455839243,0.03096215826899627,0.11111111111111108
D: C + overcoupled (design),0.05738441648302393,2700725829.8183165,107.49599520000535,0.02958760957650499,0.11111111111111108
D: C + overcoupled (design),0.06010276782070382,2828661637.5190897,112.5881770196743,0.028272976896378994,0.11111111111111108
D: C + overcoupled (design),0.06294988990221888,2962657879.311817,117.92158006471377,0.027015745614769035,0.11111111111111108
D: C + overcoupled (design),0.06593188271333549,3103001643.4014564,123.50763120117638,0.025813498077600625,0.11111111111111108
D: C + overcoupled (design),0.0690551352016233,3249993617.619032,129.35829859602072,0.02466391062530185,0.11111111111111108
D: C + overcoupled (design),0.07232633896483534,3403948733.6481223,135.48611735902068,0.02356475064403192,0.11111111111111108
D: C + overcoupled (design),0.07575250258771912,3565196841.7689657,141.90421639935687,0.02251387364206742,0.11111111111111108
D: C + overcoupled (design),0.07934096665797492,3734083417.5657563,148.62634655442648,0.02150922035890406,0.11111111111111108
D: C + overcoupled (design),0.08309941949353396,3910970302.111337,155.66691005114205,0.02054881391362914,0.11111111111111108
D: C + overcoupled (design),0.08703591361485166,4096236477.2150917,163.04099136283753,0.019630756998208116,0.11111111111111108
D: C + overcoupled (design),0.09115888299750828,4290278877.3950233,170.76438952789402,0.01875322912050113,0.11111111111111108
D: C + overcoupled (design),0.09547716114208056,4493513240.313681,178.85365199932744,0.017914483901075057,0.11111111111111108
D: C + overcoupled (design),0.1,4706374997.500016,187.3261100978625,0.017112846427198295,0.11111111111111108
