subMZI_ext_dB,carrier_supp_dB,V
15.0,28.474190403710978,0.964873334951911
16.0,29.56588758730025,0.9657504409679081
17.0,30.646804831293114,0.9664277521808269
18.0,31.718292527847787,0.9669524188776697
19.0,32.781513889340914,0.9673599740023996
20.0,33.83747476427021,0.9676773412466855
21.0,34.887047890488844,0.9679250212744613
22.0,35.930992790754416,0.9681186932138817
23.0,36.96997221982044,0.9682703964625039
24.0,38.0045658568598,0.9683894087465118
25.0,39.03528177816294,0.9684829026131341
26.0,40.062566126607784,0.9685564391083099
27.0,41.0868113051489,0.9686143409887157
28.0,42.10836295366222,0.9686599762318159
29.0,43.1275259163312,0.9686959743558592
30.0,44.14456936636168,0.9687243921370458
31.0,45.159731223266064,0.96874684102457
32.0,46.17322197312524,0.968764585430367
33.0,47.18522798254939,0.968778618778149
34.0,48.19591438133824,0.9687897225034207
35.0,49.205427576202524,0.9687985119382981
36.0,50.21389744768433,0.9688054720750031
37.0,51.22143927408843,0.9688109854957896
38.0,52.228155419418556,0.9688153542239895
39.0,53.234136816698694,0.9688188168465788
40.0,54.23946427340784,0.9688215619507599
41.0,55.24420962188528,0.9688237386816289
42.0,56.2484367343263,0.9688254650473456
43.0,57.252202419263355,0.968826834459143
44.0,58.25555721413024,0.96882792088611
45.0,59.25854608655818,0.9688287829215239
46.0,60.26120905538864,0.9688294669929385
47.0,61.26358174097574,0.9688300098980124
48.0,62.265695853127305,0.9688304408088875
49.0,63.267579623992,0.9688307828573386
50.0,64.26925819229261,0.968831054388972
