C,eta_peak,BW3dB_Hz
0.01,0.03176159200078423,1290240.000000003
0.012589254117941675,0.03978124600925454,1295360.0000000026
0.015848931924611134,0.04976073122187358,1297919.9999999993
0.0199526231496888,0.06214196925287549,1305600.0000000012
0.025118864315095794,0.0774455661940544,1310720.0000000007
0.03162277660168379,0.09627270311918015,1318399.9999999972
0.039810717055349734,0.11929889790884148,1331199.9999999984
0.05011872336272725,0.14725437487262813,1344000.0000000028
0.06309573444801933,0.1808840440440781,1359360.000000001
0.07943282347242814,0.22087866575518145,1382400.0000000014
0.1,0.26776859504132233,1408000.0000000016
0.12589254117941676,0.32177413103882296,1441280.0000000037
0.1584893192461114,0.3826140748218976,1484800.0000000014
0.19952623149688797,0.44928871557325256,1538560.0000000014
0.25118864315095807,0.5198755858591744,1605119.9999999995
0.31622776601683794,0.591402170474087,1689600.0000000016
0.3981071705534973,0.6598786602570356,1797120.0000000012
0.5011872336272725,0.7205685207813726,1932799.9999999974
0.6309573444801932,0.7685281941590589,2104847.123806468
0.7943282347242817,0.7993578202990098,2320399.5605531507
1.0,0.8099999999999996,2593606.613193297
1.2589254117941675,0.7993578202990098,2939769.120786194
1.584893192461114,0.7685281941590585,3377605.291895625
1.9952623149688808,0.7205685207813725,3934595.8875163854
2.5118864315095824,0.6598786602570355,4645385.543549174
3.1622776601683795,0.5914021704740869,5559296.670782381
3.981071705534973,0.519875585859174,6726083.061641156
5.011872336272725,0.4492887155732523,8235554.19451041
6.309573444801936,0.382614074821897,10196065.222517928
7.943282347242821,0.32177413103882274,12764137.9818544
10.0,0.2677685950413222,16152335.92518433
12.589254117941675,0.22087866575518142,20658591.59270003
15.848931924611142,0.18088404404407785,26695729.364193104
19.952623149688808,0.14725437487262805,34726091.43785763
25.11886431509582,0.11929889790884128,45114545.23815532
31.622776601683793,0.09627270311918022,57911813.21407888
39.810717055349734,0.07778467241853397,72659443.19922242
50.118723362727245,0.06644064829517107,87122630.98927273
63.095734448019364,0.05954296059555618,101405805.87726785
79.43282347242821,0.055006822883988296,116019978.02765757
100.0,0.05186807655844898,131334416.50991568
