design,P_RF_W,eta_shift,eta_abs,p_carrier,p_total
A,3.162277660168379e-07,0.016889038957363076,0.007544915885330633,0.4390909895997554,0.44673447106007724
A,4.114202978752838e-07,0.021745316745271477,0.009725695748418866,0.4374326110327933,0.4472547290226858
A,5.352681822847106e-07,0.028005288271014315,0.012543998648469985,0.435276138721359,0.447915355381402
A,6.963974029624314e-07,0.036063274268163546,0.01618359646355212,0.43247653146607573,0.44875560502943307
A,9.06030582245338e-07,0.046415200185879704,0.02087874887382665,0.4288490067624257,0.4498256775843514
A,1.1787686347935866e-06,0.05967840226090047,0.0269262747163774,0.42415979005795423,0.4511896045517743
A,1.5336077187700123e-06,0.07661080947713539,0.034699239669958026,0.4181158605765791,0.4529287695402053
A,1.9952623149688787e-06,0.09812563541038465,0.04466150125180614,0.4103544965888078,0.45514611003558003
A,2.595886586126396e-06,0.1252948965347648,0.057381426815163804,0.4004342813213056,0.4579709820762135
A,3.377313908791009e-06,0.15933111080274837,0.07354159095678703,0.38783061292401855,0.4615645405738204
A,4.393970560760786e-06,0.20153156732029306,0.09393895534499491,0.3719408470193536,0.46612526560515566
A,5.716666501913616e-06,0.2531645193593198,0.11946679489758939,0.35210709301981424,0.4718939099362047
A,7.437527275659054e-06,0.3152739464711214,0.15106559854775758,0.32766821381906547,0.47915661994479125
A,9.676410537094535e-06,0.3883838037770699,0.18962617196703643,0.29805590663098225,0.4882442834199152
A,1.2589254117941661e-05,0.47210091049233605,0.23582637282724422,0.262950770329923,0.4995253505893685
A,1.6378937069540647e-05,0.5646550910112739,0.2898875272932061,0.222508990589958,0.5133886719661547
A,2.1309410153667955e-05,0.6624773416671957,0.35125392032692127,0.17765280596029012,0.5302127306617807
A,2.7724079967417756e-05,0.759987117922496,0.41823511010150083,0.13038260106029015,0.5503186833545154
A,3.606972715326289e-05,0.8497991970309922,0.4877062346364579,0.08401596594869369,0.5739076199888092
A,4.692762459348831e-05,0.9235122951195266,0.5550197421970818,0.043206046164550836,0.600987929592478
A,6.105402296585326e-05,0.973067656085222,0.6143039675831486,0.013577011439374459,0.6313065322246693
A,7.943282347242822e-05,0.9924010381246726,0.6592586557104729,0.000888331470206673,0.6643066969743053
A,0.0001033441063880556,0.9788840530824323,0.6843770002257973,0.009824721172331073,0.6991400034260907
A,0.0001344532884299761,0.9340175762991149,0.6862665924343743,0.0427531487733552,0.7347469789097422
A,0.00017492711874398422,0.8630766291747151,0.6645526764369661,0.09893852970282947,0.769981081601549
A,0.00022758459260747887,0.7738429308264971,0.621961849889562,0.17457679721339975,0.8037313841263373
A,0.00029609329396270844,0.6749383358380127,0.5636125754712653,0.2636345299804862,0.8350578794305353
A,0.00038522484200367494,0.5742885709563859,0.4957961331579077,0.3591958560300259,0.8633223056001942
A,0.000501187233627272,0.478094631546118,0.42463065664414285,0.4547934443591328,0.8881728189896693
A,0.0006520572293428612,0.39049634467076755,0.3551666680818639,0.5452871410239233,0.9095262297046839
A,0.0008483428982440717,0.31366975589268903,0.2909386089568267,0.6272792134544665,0.9275315949056977
A,0.001103715503202757,0.24826206182310695,0.23397941489602075,0.6990019531798096,0.9424694743038792
A,0.0014359617019622142,0.19385905644749507,0.18507737557761425,0.7600119946113195,0.9547006932211122
A,0.0018682223847710365,0.14943773091113718,0.14414999700992762,0.8107671077153152,0.9646158043957861
A,0.002430604433384409,0.11369578545330646,0.11057941805176047,0.8522466818844641,0.9725902997272855
A,0.0031622776601683794,0.08527642647232556,0.08348286865993003,0.8856643496804217,0.9789677184353218
B,1e-08,0.005805332292901255,0.0025850458237620826,0.44269715002920185,0.44528817530790954
B,1.3010252169108301e-08,0.007482279919310325,0.0033331541974012985,0.4421321475136647,0.44547306881677456
B,1.692666615037876e-08,0.009651370212547163,0.004301685748799378,0.4413949748363473,0.4457072575256741
B,2.2022019499873734e-08,0.012456539959113888,0.005555674089336571,0.4404340683555677,0.4460045973899626
B,2.8651202696637818e-08,0.016082832738551895,0.007179101863597829,0.4391827659636554,0.44638292148552416
B,3.7275937203149377e-08,0.020767373037134728,0.009280215773575238,0.43755508710786484,0.4468651743762209
B,4.8496934285282006e-08,0.02681273112222162,0.011998183877772137,0.43544046851626234,0.44748085613063066
B,6.30957344480193e-08,0.0346028123499509,0.015511328291650625,0.43269729321981015,0.4482678498724002
B,8.208914159638262e-08,0.04462108629274461,0.020047125907370643,0.42914510037759246,0.4492747167975224
B,1.0680004325145755e-07,0.05747035937148041,0.02589404902966549,0.4245554890577026,0.4505635481116441
B,1.389495494373136e-07,0.07389221772453487,0.033415055338601125,0.4186419864743734,0.4522134585697531
B,1.8077686769634343e-07,0.09478249632916569,0.04306203693827368,0.4110496262713395,0.4543247815369364
B,2.3519526350709614e-07,0.12119640657652624,0.055389662304054926,0.40134579948712557,0.4570239652202939
B,3.059949687207196e-07,0.154333081086462,0.0710656073126042,0.3890152627937158,0.46046905052579834
B,3.981071705534969e-07,0.1954843637813431,0.09087196212449858,0.37346419426066435,0.464855400026482
B,5.179474679231213e-07,0.24592750534872318,0.11568946389464531,0.3540409929143062,0.47042100366365525
B,6.738627168030942e-07,0.30673826037523694,0.14645223414690073,0.3300849930191627,0.47745016864783607
B,8.767123872968686e-07,0.378504171980235,0.1840566200587525,0.30101766447801875,0.4862736891269027
B,1.1406249238513202e-06,0.460934457754783,0.2292055288172859,0.26649226823052996,0.49726273434567825
B,1.483981788967563e-06,0.5524004251653634,0.28217325599626514,0.22661356669102156,0.5108128870679189
B,1.9306977288832498e-06,0.6495012513411508,0.34249139277497614,0.1822233250162927,0.5273144463813857
B,2.5118864315095823e-06,0.7468216349085668,0.4085906162886523,0.13521402308060912,0.5471060253077376
B,3.268027589410125e-06,0.8370931186266932,0.47748758969082283,0.08878174090849751,0.5704115576462663
B,4.251786303382886e-06,0.9119328597020525,0.5446671397653657,0.04747384317883456,0.5972667109981319
B,5.531681197617227e-06,0.963168928374338,0.6043391498497461,0.01686544187209473,0.627448760073444
B,7.196856730011529e-06,0.9844951945942387,0.650191462400926,0.0027636543249631553,0.6604313215250415
B,9.363292088239417e-06,0.972956096430309,0.6765809672782501,0.010019208012770725,0.6953869447558494
B,1.2181879120101147e-05,0.9297131350684801,0.6798543079894901,0.041267247656434046,0.731251697266183
B,1.5848931924611107e-05,0.8597777994856163,0.6593177468620892,0.09607294349287396,0.7668466751020353
B,2.0619860095022192e-05,0.7708115903596708,0.6174427759930345,0.17086978568665137,0.8010294392497752
B,2.6826957952797274e-05,0.6714559494584729,0.5592124610820337,0.25974804694441855,0.8328356633566756
B,3.490254878959579e-05,0.5697636409917752,0.49089442416877704,0.3557739295725487,0.8615755531790126
B,4.54090961097247e-05,0.4721408264041356,0.41872667439544214,0.4523370440131472,0.8868681778368963
B,5.9078379115879436e-05,0.3829224909228006,0.3479305829458427,0.5441165011873964,0.9086188228520313
B,7.686246100397746e-05,0.30446623481185603,0.2822277625324664,0.6275073978404985,0.9269591510101872
B,0.0001,0.23754557413158642,0.22380911799728231,0.7005813641959568,0.9421733863721876
