P_H_W,T_port2_norm,analytic
0.0,1.0,1.0
0.01,0.9995940324484488,0.9995940324484487
0.02,0.9983767890324063,0.9983767890324065
0.03,0.99635024639719,0.9963502463971905
0.04,0.9935176953850072,0.9935176953850073
0.05,0.9898837356910536,0.9898837356910536
0.06,0.9854542683942067,0.9854542683942067
0.07,0.9802364863744393,0.9802364863744393
0.08,0.9742388626325156,0.9742388626325158
0.09,0.9674711365309387,0.9674711365309387
0.1,0.9599442979784881,0.9599442979784882
0.11,0.9516705695840363,0.9516705695840366
0.12,0.9426633868086175,0.9426633868086176
0.13,0.9329373761479822,0.9329373761479824
0.14,0.9225083313810678,0.9225083313810678
0.15,0.9113931879229499,0.9113931879229501
0.16,0.8996099953239285,0.8996099953239285
0.17,0.8871778879593984,0.8871778879593987
0.18,0.8741170539581101,0.8741170539581101
0.19,0.8604487024192657,0.8604487024192657
0.2,0.8461950289716974,0.8461950289716975
0.21,0.8313791797310454,0.8313791797310457
0.22,0.816025213713472,0.816025213713472
0.23,0.8001580637669393,0.8001580637669394
0.24,0.7838034960835034,0.7838034960835034
0.25,0.7669880683583606,0.7669880683583606
0.26,0.7497390866635985,0.7497390866635985
0.27,0.7320845611066785,0.7320845611066783
0.28,0.7140531603456568,0.7140531603456569
0.29,0.6956741650350059,0.6956741650350061
0.3,0.676977420277631,0.6769774202776309
0.31,0.6579932871602957,0.6579932871602958
0.32,0.6387525934511606,0.6387525934511606
0.33,0.6192865835394866,0.6192865835394865
0.34,0.5996268676988025,0.5996268676988027
0.35000000000000003,0.5798053707559252,0.579805370755925
0.36,0.5598542802491817,0.5598542802491819
0.37,0.5398059941600283,0.5398059941600282
0.38,0.5196930683029296,0.5196930683029296
0.39,0.4995481634589451,0.49954816345894515
0.4,0.47940399233885783,0.4794039923388578
0.41000000000000003,0.4592932664619778,0.459293266461978
0.42,0.4392486430368828,0.4392486430368827
0.43,0.4193026719303464,0.4193026719303463
0.44,0.3994877428105825,0.39948774281058264
0.45,0.37983603255062703,0.3798360325506272
0.46,0.36037945297727225,0.36037945297727225
0.47000000000000003,0.34114959905040143,0.34114959905040143
0.48,0.32217769755687664,0.3221776975568766
0.49,0.3034945564022878,0.30349455640228784
0.5,0.2851305145829146,0.2851305145829146
0.51,0.2671153929191327,0.2671153929191326
0.52,0.2494784456302732,0.24947844563027327
0.53,0.23224831282956693,0.23224831282956693
0.54,0.215452974016318,0.21545297401631797
0.55,0.19911970264082804,0.19911970264082807
0.56,0.183275021815854,0.18327502181585398
0.5700000000000001,0.16794466124651392,0.16794466124651392
0.58,0.1531535154485872,0.15315351544858719
0.59,0.1389256033230505,0.13892560332305048
0.6,0.12528402915250075,0.12528402915250075
0.61,0.1122509450827997,0.1122509450827997
0.62,0.09984751515086274,0.09984751515086276
0.63,0.08809388091701124,0.08809388091701126
0.64,0.07700912875769234,0.07700912875769234
0.65,0.06661125887168043,0.0666112588716804
0.66,0.05691715605009162,0.05691715605009162
0.67,0.04794256225767361,0.04794256225767363
0.68,0.03970205106989889,0.03970205106989888
0.6900000000000001,0.032209004007369035,0.032209004007369035
0.7000000000000001,0.025475588805962606,0.025475588805962623
0.71,0.01951273965801133,0.019512739658011313
0.72,0.014330139456590422,0.014330139456590396
0.73,0.00993620407175779,0.00993620407175777
0.74,0.006338068684272784,0.00633806868427278
0.75,0.003541576198989096,0.0035415761989890937
0.76,0.0015512677567353997,0.0015512677567354194
0.77,0.00037037536009226334,0.0003703753600922677
0.78,8.166250393297439e-07,8.166250393126795e-07
0.79,0.0004431916669958861,0.0004431916669959124
0.8,0.0016967821263113203,0.0016967821263113025
0.81,0.0037595523347879953,0.0037595523347879745
0.8200000000000001,0.006628152621342111,0.006628152621342087
0.8300000000000001,0.01029792475143477,0.010297924751434762
0.84,0.014762909491440383,0.014762909491440379
0.85,0.020015856285668487,0.020015856285668487
0.86,0.026048235030325252,0.026048235030325273
0.87,0.03285024992529452,0.032850249925294506
0.88,0.04041085538124636,0.040410855381246336
0.89,0.04871777395623986,0.048717773956239885
0.9,0.05775751629269572,0.05775751629269571
0.91,0.06751540302236209,0.06751540302236209
0.92,0.07797558860370299,0.07797558860370296
0.93,0.08912108705300165,0.08912108705300165
0.9400000000000001,0.10093379952739298,0.10093379952739295
0.9500000000000001,0.11339454371503506,0.11339454371503505
0.96,0.1264830849846946,0.12648308498469463
0.97,0.1401781692441612,0.1401781692441612
0.98,0.15445755745413448,0.15445755745413453
0.99,0.16929806174153714,0.16929806174153722
1.0,0.18467558305361234,0.18467558305361237
1.01,0.20056515029165561,0.20056515029165567
1.02,0.2169409608608399,0.21694096086083992
1.03,0.23377642257027884,0.23377642257027892
1.04,0.2510441968152957,0.2510441968152958
1.05,0.2687162429717661,0.2687162429717661
1.06,0.2867638639304538,0.28676386393045383
1.07,0.3051577526973912,0.30515775269739115
1.08,0.3238680399846328,0.3238680399846328
1.09,0.3428643427141043,0.3428643427141044
1.1,0.362115813355775,0.3621158133557749
1.11,0.38159119002004394,0.38159119002004394
1.12,0.40125884722299104,0.4012588472229911
1.1300000000000001,0.42108684724205964,0.4210868472420597
1.1400000000000001,0.4410429919787695,0.44104299197876956
1.1500000000000001,0.4610948752442521,0.46109487524425213
1.16,0.4812099353826937,0.4812099353826938
1.17,0.5013555081472401,0.5013555081472402
1.18,0.5214988797424923,0.5214988797424924
1.19,0.541607339947464,0.541607339947464
1.2,0.5616482352327355,0.5616482352327355
1.21,0.5815890217855474,0.5815890217855475
1.22,0.6013973183567283,0.601397318356728
1.23,0.6210409588436404,0.6210409588436404
1.24,0.6404880445237562,0.6404880445237561
1.25,0.6597069958540417,0.6597069958540416
1.26,0.6786666037520375,0.6786666037520372
1.27,0.6973360802753555,0.6973360802753557
1.28,0.7156851086173059,0.715685108617306
1.29,0.7336838923374505,0.7336838923374507
1.3,0.7513032037471584,0.7513032037471585
1.31,0.7685144313715768,0.768514431371577
1.32,0.7852896264109552,0.7852896264109555
1.33,0.8016015481258657,0.8016015481258658
1.34,0.8174237080726291,0.8174237080726292
1.35,0.8327304131171104,0.8327304131171103
1.36,0.8474968071570318,0.8474968071570318
1.37,0.8616989114850602,0.86169891148506
1.3800000000000001,0.8753136637271106,0.8753136637271108
1.3900000000000001,0.8883189552926536,0.8883189552926534
1.4000000000000001,0.9006936672761915,0.9006936672761916
1.41,0.912417704751624,0.9124177047516243
1.42,0.9234720294037999,0.9234720294037999
1.43,0.9338386904442653,0.9338386904442655
1.44,0.9435008537610194,0.9435008537610197
1.45,0.9524428292549247,0.9524428292549247
1.46,0.960650096318391,0.9606500963183913
1.47,0.9681093274149611,0.9681093274149611
1.48,0.9748084097214951,0.9748084097214951
1.49,0.9807364647978263,0.9807364647978267
1.5,0.9858838662519366,0.9858838662519366
1.51,0.9902422553719641,0.9902422553719643
1.52,0.9938045546996707,0.9938045546996708
1.53,0.996564979523312,0.996564979523312
1.54,0.9985190472712604,0.9985190472712604
1.55,0.9996635847911193,0.9996635847911193
1.56,0.99999673350251,0.9999967335025102
1.57,0.9995179524151664,0.9995179524151665
1.58,0.9982280190074311,0.9982280190074313
1.59,0.9961290279637331,0.9961290279637331
1.6,0.9932243877730911,0.9932243877730914
