L_m,P_RF_W_maxeta,P_RF_W_V099
0.0002,77.07563984744782,47.13545485170971
0.00025,49.32840950236661,30.166691105094216
0.00030000000000000003,34.255839932199024,20.949091045204305
0.00035000000000000005,25.167555868554388,15.391168931170514
0.0004,19.268909961861954,11.783863712927428
0.00045,15.224817747644021,9.31070713120192
0.0005,12.332102375591653,7.541672776273554
0.00055,10.191820145117068,6.232787418407894
0.0006000000000000001,8.563959983049756,5.237272761301076
0.0006500000000000001,7.297101997391509,4.462528269984351
0.0007,6.291888967138599,3.8477922327926306
0.00075,5.480934389151846,3.35185456723269
0.0008,4.817227490465489,2.945965928231857
0.0008500000000000001,4.267163451761817,2.6095753551119563
0.0009,3.8062044369110053,2.32767678280048
0.00095,3.4160948408841145,2.0891060322087407
0.001,3.083025593897913,1.8854181940683885
0.0010500000000000002,2.796395096506043,1.7101298812411685
0.0011,2.547955036279267,1.5581968546019735
0.00115,2.331210278939822,1.4256470276509556
0.0012000000000000001,2.140989995762439,1.309318190325269
0.0012500000000000002,1.9731363800946633,1.206667644203768
0.0013000000000000002,1.8242754993478774,1.1156320674960878
0.00135,1.6916464164048897,1.0345230145779907
0.0014000000000000002,1.5729722417846492,0.9619480581981571
0.0014500000000000001,1.4663617569074496,0.8967506273809219
0.0015000000000000002,1.3702335972879607,0.8379636418081723
0.0015500000000000002,1.2832572711333663,0.784773441859891
0.0016,1.2043068726163721,0.7364914820579642
0.0016500000000000002,1.1324244605685625,0.692531935378655
0.0017000000000000001,1.0667908629404543,0.6523938387779891
0.0017500000000000003,1.0067022347421757,0.6156467572468207
0.0018000000000000002,0.9515511092277509,0.58191919570012
0.00185,0.9008109843383235,0.5508891728468629
0.0019000000000000002,0.8540237102210282,0.5222765080521851
0.0019500000000000001,0.8107891108212786,0.4958364744427055
0.002,0.7707563984744783,0.4713545485170971
0.00205,0.7336170360256782,0.4486420449895035
0.0021,0.6990987741265111,0.42753247031029223
0.00215,0.6669606476793751,0.407878462751409
0.0022,0.6369887590698168,0.3895492136504934
0.0022500000000000003,0.6089927099057604,0.37242828524807664
0.0023000000000000004,0.5828025697349553,0.3564117569127388
0.00235,0.558266291335068,0.34140664446688795
0.0024000000000000002,0.5352474989406097,0.32732954758131727
0.0024500000000000004,0.5136235891541712,0.31410548839123503
0.0025,0.49328409502366605,0.3016669110509422
0.00255,0.47412927241797964,0.28995281723466176
0.0026000000000000003,0.45606887483696934,0.27890801687402195
0.00265,0.4390210884867088,0.26848247690543087
0.0027,0.4229116041012224,0.25863075364449767
0.0027500000000000003,0.4076728058046825,0.24931149673631575
0.0028000000000000004,0.3932430604461623,0.24048701454953927
0.00285,0.3795660934315682,0.2321228924676379
0.0029000000000000002,0.3665904392268624,0.22418765684523048
0.0029500000000000004,0.3542689564950201,0.2166524784910529
0.003,0.3425583993219904,0.20949091045204313
